crop,temperature,rainfall,N,P,K,ph,humidity,fertilizer_used,irrigation_used,yield_tons_per_ha
cassava,23.86,318.1,42.8,113.4,95.7,9.235,26.72,1,1,10.498
soybeans,13.05,526.11,10.5,15.3,44.2,6.654,81.49,1,0,1.604
cassava,24.71,407.24,71.0,24.9,143.3,5.683,36.42,1,1,8.409
maize,25.61,257.17,108.5,43.0,104.3,5.348,25.51,1,0,2.662
wheat,15.03,230.68,111.6,74.4,131.2,5.653,61.62,0,0,1.623
soybeans,12.44,959.35,47.1,99.1,11.4,4.367,73.03,0,1,1.412
soybeans,23.36,551.7,63.2,109.8,185.4,3.823,59.07,0,0,1.265
cotton,21.37,339.17,136.0,77.4,184.2,5.752,88.03,0,1,1.025
maize,10.77,462.59,62.0,91.4,175.0,4.776,24.8,1,0,2.576
wheat,21.46,161.12,83.5,126.5,142.2,5.98,24.98,1,1,2.387
cotton,16.65,634.87,136.6,90.1,161.2,6.424,59.75,1,1,1.184
maize,38.62,928.95,32.0,99.0,128.6,5.828,23.77,1,1,2.276
rice,13.4,639.23,67.9,80.7,168.7,4.616,83.47,1,1,2.254
cassava,38.53,449.29,2.3,15.7,121.0,4.396,17.59,0,1,4.514
wheat,13.48,836.55,27.8,16.9,110.4,5.624,79.03,0,1,1.971
rice,10.57,195.77,69.5,101.6,71.9,8.021,74.08,1,0,3.168
soybeans,37.72,1022.1,130.4,60.7,195.6,8.068,17.61,1,0,0.61
maize,33.26,546.76,87.9,31.9,34.2,9.597,92.92,1,1,2.447
wheat,24.32,1495.68,57.2,30.5,127.7,5.036,23.08,0,0,0.975
wheat,18.44,188.07,35.5,19.6,69.5,6.998,97.74,0,0,1.433
maize,11.69,222.29,16.5,95.9,154.2,7.292,96.75,0,0,1.334
maize,35.88,309.92,112.0,82.4,84.3,4.356,88.42,0,0,1.935
rice,35.63,1045.81,72.8,121.2,88.8,4.761,38.5,1,1,1.72
cotton,10.13,804.26,30.4,109.1,13.6,8.905,86.08,1,0,0.907
soybeans,32.96,1348.72,110.6,32.3,124.9,5.659,14.79,0,0,0.561
wheat,34.49,1044.43,86.3,124.5,185.1,6.028,28.9,1,0,1.657
wheat,10.42,727.63,104.0,74.9,160.9,6.431,98.57,0,0,1.931
soybeans,38.44,1089.41,123.4,94.4,82.5,6.267,20.48,0,1,0.689
maize,18.92,183.5,83.9,92.3,134.7,5.238,15.3,1,0,2.436
soybeans,27.48,757.52,26.1,130.3,54.7,4.094,78.5,0,0,1.74
soybeans,15.72,851.62,35.5,138.8,10.7,4.798,34.84,1,0,1.569
cassava,17.69,817.3,134.5,17.5,141.6,9.755,39.85,1,1,3.402
rice,33.09,863.97,123.6,78.9,108.5,7.256,78.44,1,0,1.912
wheat,17.84,573.69,69.0,55.3,115.5,5.051,68.64,1,0,2.03
maize,18.63,494.83,49.4,92.0,71.8,8.263,48.79,0,1,2.133
rice,34.18,562.54,89.9,39.4,26.9,8.663,22.51,0,1,2.31
cotton,27.2,104.35,52.4,84.2,164.4,6.348,96.57,0,1,0.911
maize,33.0,896.38,109.5,110.2,165.6,6.867,26.07,1,1,2.786
maize,32.1,1330.34,28.4,87.3,145.2,7.921,49.1,0,1,1.627
soybeans,27.14,698.7,92.3,12.1,103.7,5.424,42.05,1,0,1.232
maize,11.71,459.17,36.6,39.6,186.3,5.122,37.39,1,0,1.901
maize,32.36,675.91,17.9,44.7,77.6,7.698,63.09,0,1,2.16
maize,22.82,528.91,79.0,124.1,45.3,9.574,73.26,1,1,3.199
rice,14.15,687.22,69.5,61.5,140.7,6.236,96.68,1,1,2.249
cassava,22.35,190.49,33.0,12.2,204.2,8.288,21.52,0,1,9.26
cassava,15.41,1137.62,28.6,101.3,74.9,6.827,94.31,0,1,3.57
cotton,22.04,875.0,78.2,21.7,11.9,8.689,76.43,0,0,1.151
maize,14.35,759.71,138.0,38.9,139.4,8.451,34.44,1,0,2.622
wheat,34.81,1282.21,32.6,49.1,170.0,4.016,42.02,1,0,1.025
cassava,25.64,1040.75,37.7,88.8,93.8,7.38,39.02,1,1,4.549
soybeans,18.5,978.13,85.1,26.5,46.3,7.541,25.03,0,1,1.09
cotton,26.63,559.41,124.7,16.4,98.3,8.541,19.24,1,1,1.399
maize,38.93,345.46,73.3,45.2,163.6,7.254,68.57,1,0,2.186
cotton,26.29,487.66,92.5,49.7,91.2,3.84,99.36,1,0,1.224
maize,20.6,393.46,109.3,43.5,169.5,6.254,71.41,0,1,3.032
wheat,35.56,1269.28,14.7,138.0,41.5,6.193,32.5,1,1,1.107
soybeans,11.05,1165.39,101.2,140.0,191.1,8.455,58.76,0,1,0.703
rice,20.78,739.27,50.9,94.7,185.3,4.565,46.8,0,1,1.864
wheat,17.94,1346.02,13.4,62.6,86.4,9.275,32.53,1,0,1.123
soybeans,22.91,643.8,52.5,134.6,170.8,4.208,23.3,1,0,1.854
rice,30.62,521.86,13.3,141.6,62.3,6.255,69.89,0,1,1.929
rice,38.55,513.6,121.5,128.4,75.0,4.041,76.31,0,1,2.38
rice,16.83,896.59,52.0,67.8,112.4,4.823,27.39,1,0,1.283
maize,34.33,972.13,54.3,99.4,57.0,5.744,92.9,0,0,2.069
maize,39.99,1495.12,77.8,112.7,194.0,9.023,35.27,1,0,1.775
soybeans,13.58,1389.85,10.9,135.2,146.4,5.643,47.6,1,1,1.072
soybeans,22.83,979.62,133.5,122.5,90.2,7.691,29.23,1,1,0.827
soybeans,10.37,298.36,117.3,8.0,51.6,8.422,64.41,1,1,0.718
cassava,25.03,926.32,42.4,33.1,113.5,6.361,47.55,1,1,5.008
rice,15.11,607.55,48.6,65.5,161.4,6.647,82.29,1,0,2.167
cassava,31.64,1144.92,30.9,75.1,75.0,8.517,67.53,1,1,4.681
wheat,14.38,114.38,22.3,139.1,150.5,6.93,94.97,1,1,1.792
wheat,33.58,186.26,136.5,21.3,159.6,5.893,88.41,0,0,1.506
cassava,24.03,771.25,61.2,60.0,104.9,6.935,73.5,1,0,5.311
maize,33.02,632.8,67.2,92.9,179.7,9.897,80.07,1,0,2.162
rice,34.68,801.57,64.7,49.0,121.2,8.244,49.34,1,1,2.054
cotton,26.57,1186.21,97.6,132.1,182.2,8.624,54.87,0,1,1.543
wheat,23.71,1231.15,43.6,85.6,46.7,6.005,87.75,0,1,1.514
cotton,21.89,1050.88,103.6,76.4,198.9,9.712,49.47,1,1,1.279
cotton,12.77,1054.61,30.0,135.9,108.3,6.491,51.35,1,0,0.94
cassava,40.0,984.06,97.2,73.8,75.9,8.784,56.56,1,0,3.864
cassava,34.14,1242.11,66.2,31.9,24.9,8.332,90.22,1,0,5.024
rice,11.57,1044.03,61.1,32.3,168.2,8.717,55.83,0,1,1.068
cassava,16.49,783.46,135.2,137.6,141.7,8.686,29.17,1,1,3.427
cotton,33.29,1192.45,4.8,131.9,188.7,7.149,55.46,0,1,0.93
maize,34.54,224.3,76.2,5.8,69.9,5.882,48.07,1,0,1.978
wheat,28.23,1105.13,67.5,39.4,129.2,7.005,28.72,1,0,1.701
soybeans,24.14,1320.71,62.1,44.9,184.2,9.1,28.11,0,0,0.838
cotton,28.62,633.35,3.6,71.7,93.4,8.42,38.05,0,0,0.792
wheat,16.13,565.73,10.4,124.9,177.0,6.184,66.64,1,1,1.803
maize,10.25,365.62,92.6,72.8,6.1,8.729,80.46,1,0,2.251
soybeans,16.48,1332.48,12.0,67.2,174.9,7.503,39.14,1,1,1.143
cotton,29.97,339.46,37.6,66.6,94.2,8.534,45.6,0,0,0.932
soybeans,20.8,659.78,13.8,10.9,139.8,6.993,52.2,1,1,1.89
cassava,36.08,1496.97,81.9,110.2,45.5,7.839,69.88,1,1,4.927
maize,14.88,1114.83,29.2,13.2,115.5,7.369,88.98,1,0,1.893
wheat,12.0,614.7,93.8,19.9,102.8,6.377,32.58,0,1,2.12
cotton,29.23,53.02,135.5,37.5,188.4,4.209,34.48,0,1,0.734
maize,12.0,801.69,21.0,108.2,107.4,7.921,17.58,0,1,1.693
cassava,33.24,655.15,136.1,108.0,8.1,9.22,22.67,0,1,2.924
cotton,33.12,1471.09,133.2,130.9,36.7,9.444,89.55,0,0,0.886
maize,38.9,67.62,135.8,11.0,183.2,6.93,99.39,0,1,1.847
rice,25.82,1398.31,67.7,73.7,28.9,8.717,35.24,1,1,1.561
cassava,36.59,487.97,100.0,90.7,90.4,5.054,45.74,1,0,5.495
soybeans,30.35,1157.8,138.9,53.4,87.2,4.577,31.55,1,1,0.758
rice,16.43,143.51,80.4,92.1,106.1,8.811,88.05,1,0,3.269
cassava,13.93,1312.46,3.2,49.2,41.9,9.555,71.58,1,1,2.593
maize,26.99,503.53,91.6,37.5,7.9,8.468,67.64,1,0,2.565
maize,20.67,1092.62,41.6,84.3,100.2,7.814,94.57,1,0,1.979
cassava,30.36,1219.27,92.7,50.9,80.2,9.331,15.47,1,1,4.802
wheat,38.79,655.98,43.9,141.4,192.2,7.673,15.59,1,0,1.595
rice,34.06,680.07,121.7,30.3,194.5,4.922,42.05,1,0,2.063
wheat,20.22,1364.03,76.3,70.2,162.4,4.159,80.54,0,0,1.206
cotton,22.86,1170.13,67.4,115.5,19.7,4.745,61.43,1,0,1.078
maize,17.87,661.48,5.6,67.9,120.5,7.211,42.59,0,0,1.7
cotton,38.55,135.75,137.7,125.1,137.1,8.277,20.25,0,0,0.78
maize,21.24,1428.54,102.5,88.8,36.2,4.514,19.0,1,1,2.151
maize,22.47,671.97,75.7,102.5,145.4,4.616,57.01,1,1,3.05
soybeans,33.9,467.92,27.2,141.4,77.3,7.409,66.46,1,1,1.991
cassava,32.13,1206.26,34.6,105.2,167.4,5.831,28.42,0,1,4.487
wheat,26.37,1170.4,47.7,109.8,93.5,5.952,42.64,1,1,1.992
soybeans,24.01,1395.37,36.0,42.8,87.3,5.082,25.11,1,1,1.548
rice,28.74,459.68,52.9,19.4,148.8,6.775,74.95,0,0,2.911
cassava,39.51,875.16,28.4,46.0,143.7,9.511,29.37,0,1,3.383
soybeans,22.95,1455.56,19.6,87.2,45.2,8.635,81.4,0,1,1.283
cotton,24.11,1471.13,27.3,94.1,120.1,7.173,66.9,1,0,1.069
cassava,30.12,365.85,94.7,17.8,34.4,6.807,93.28,1,1,8.274
rice,13.44,1495.64,59.6,53.8,147.0,5.865,85.66,1,1,1.237
rice,10.25,1266.85,4.5,136.6,183.4,6.981,60.75,1,0,0.877
rice,25.97,160.01,97.8,92.3,42.8,6.551,75.95,1,0,3.632
cotton,38.36,1496.44,136.7,62.4,55.1,8.43,39.74,1,1,1.283
soybeans,18.47,519.03,49.2,13.9,202.2,3.705,70.97,0,1,1.77
cassava,33.23,928.57,69.2,132.8,80.4,4.93,66.3,1,0,4.663
cassava,36.13,318.45,31.6,97.6,98.8,6.746,25.02,1,1,9.392
rice,35.34,656.66,61.7,93.8,159.9,3.72,65.01,0,0,1.977
maize,10.76,564.51,109.2,83.9,57.2,8.017,62.8,1,1,2.551
maize,38.9,862.24,131.2,12.3,88.8,5.191,76.85,1,0,2.194
cassava,21.63,397.68,52.1,20.5,199.2,7.23,24.99,0,1,7.039
soybeans,28.28,448.62,100.4,88.3,70.0,3.665,78.51,0,1,1.087
cotton,15.85,792.72,61.4,42.9,37.1,5.523,57.75,0,0,1.058
wheat,22.48,551.74,8.1,135.3,18.2,8.317,46.52,1,0,1.57
soybeans,27.46,1306.97,133.5,99.5,114.8,3.523,17.44,0,0,0.435
cotton,14.17,729.73,139.8,27.2,194.5,8.858,97.61,0,0,0.768
wheat,24.95,923.19,4.5,9.6,149.3,4.755,70.09,1,1,1.254
cotton,33.25,994.9,32.8,25.4,130.8,6.428,28.53,0,0,1.139
maize,19.95,775.84,90.4,76.5,29.0,5.528,83.01,1,0,2.803
cotton,31.8,1423.31,35.4,108.9,15.9,7.603,44.17,1,1,1.337
cotton,15.6,1468.73,100.4,40.1,123.2,6.972,86.62,1,1,1.353
cotton,31.61,1226.12,19.4,73.2,54.7,4.593,77.15,1,0,1.213
maize,38.54,1492.49,99.6,142.4,118.9,5.187,51.58,1,0,1.909
cassava,24.94,836.18,42.1,98.4,134.0,7.256,23.78,1,0,4.846
wheat,31.58,485.52,105.5,15.3,109.7,4.295,39.23,0,1,1.932
rice,32.71,1478.55,113.4,69.4,185.8,6.164,59.14,1,0,1.564
cotton,33.8,305.4,114.4,43.7,189.5,8.109,81.53,0,1,1.068
maize,24.62,673.48,83.6,144.9,158.9,6.086,85.17,0,0,2.38
cassava,22.09,1495.63,24.3,25.4,188.0,9.233,16.77,1,1,3.885
maize,34.0,345.85,77.7,107.6,128.2,4.722,44.56,1,1,2.28
wheat,25.58,478.69,75.6,85.3,120.5,9.039,47.52,1,0,2.027
cassava,39.9,483.29,45.4,30.6,184.2,8.339,23.09,1,1,7.579
wheat,16.11,1258.39,28.6,39.8,43.4,4.528,95.98,1,1,1.66
cassava,25.17,1056.64,24.2,124.4,33.0,6.105,20.47,1,1,4.726
cassava,10.87,1473.25,87.5,75.1,81.7,7.006,46.69,0,0,2.881
maize,35.38,939.73,12.4,73.3,20.5,6.149,49.01,0,0,1.688
rice,19.05,323.04,42.5,18.0,33.8,4.18,50.37,1,0,3.186
cassava,23.16,1209.36,64.7,25.8,149.8,4.714,77.52,1,0,4.464
soybeans,17.63,1170.16,37.2,34.2,193.9,3.625,97.02,0,1,1.25
maize,28.32,468.51,81.4,26.6,101.2,6.962,18.46,0,0,2.393
wheat,23.89,1368.96,59.7,93.2,12.1,4.006,20.99,1,0,1.464
cotton,17.36,1167.8,112.6,39.9,13.4,4.827,31.26,0,1,1.173
rice,32.99,490.94,113.6,46.1,94.3,8.226,73.59,1,0,3.216
wheat,29.77,1291.2,102.5,34.6,98.4,9.872,61.69,1,1,1.741
wheat,36.97,337.24,13.8,101.7,169.6,9.028,69.18,1,1,1.48
cassava,16.48,1078.62,130.9,84.1,127.3,3.948,88.35,0,1,2.939
rice,12.85,340.68,57.9,33.9,180.3,4.529,53.19,1,1,2.787
wheat,13.42,991.2,62.5,35.4,75.7,6.699,21.87,1,1,2.215
soybeans,38.65,750.86,46.4,30.4,53.9,8.914,66.84,1,0,1.668
cotton,32.5,1192.2,80.4,17.6,183.0,9.777,31.4,1,1,1.399
cassava,11.52,1330.57,117.8,53.4,128.6,6.682,97.18,1,1,3.677
rice,23.92,243.26,129.9,126.5,146.5,4.19,80.73,1,1,3.49
cassava,18.08,1328.98,7.7,136.7,117.1,7.782,45.62,1,0,3.058
maize,39.67,750.69,138.2,110.6,54.7,7.0,99.32,1,0,2.778
wheat,13.25,829.63,114.7,57.9,75.5,5.702,93.39,0,0,1.401
cassava,19.97,1263.24,100.3,54.0,151.9,9.613,22.01,0,0,2.779
wheat,10.09,556.39,10.0,109.1,117.2,7.219,38.64,1,0,1.707
maize,17.26,1480.66,19.9,74.8,128.6,8.066,62.13,0,0,1.228
maize,27.47,1134.71,113.6,96.9,30.6,5.699,93.82,0,0,1.872
maize,36.18,1270.8,26.1,117.4,96.6,6.639,25.48,0,1,1.305
cotton,15.98,840.04,136.3,102.3,103.3,8.55,77.42,1,0,1.196
soybeans,15.04,550.9,106.6,138.6,79.3,8.891,30.41,1,1,0.948
cassava,31.62,1000.96,21.7,42.5,83.6,5.32,33.59,1,1,4.202
rice,26.98,277.99,96.7,76.9,135.1,9.283,51.88,1,1,3.934
soybeans,26.1,1140.22,19.6,53.8,82.9,6.823,93.9,1,0,1.608
cassava,24.91,389.76,27.1,36.2,146.7,3.763,18.42,1,1,6.716
maize,32.79,541.29,133.3,108.3,124.5,9.226,18.27,0,0,2.252
soybeans,24.37,201.6,85.7,108.3,158.5,9.385,49.21,1,1,1.044
wheat,38.4,293.31,36.7,118.6,108.7,6.445,75.11,1,1,1.758
maize,13.56,1471.82,30.1,14.4,124.0,8.303,16.79,1,1,1.411
wheat,28.8,1487.28,124.7,88.0,112.7,9.99,61.08,1,1,1.275
rice,28.19,538.54,82.0,49.2,22.4,4.949,30.17,1,1,3.391
maize,11.45,572.07,134.0,75.1,91.5,6.475,31.96,0,0,2.311
soybeans,29.29,1298.64,68.1,23.8,62.9,7.806,66.73,1,1,1.379
cassava,29.51,1029.93,87.5,92.2,34.4,7.034,47.2,1,1,4.777
maize,35.11,454.95,90.0,102.2,107.5,5.485,32.29,0,0,2.366
wheat,31.38,63.44,38.7,24.9,30.5,9.734,46.38,1,1,1.222
cassava,36.99,1125.63,136.1,88.9,53.3,5.63,41.51,0,1,3.063
soybeans,15.68,573.8,120.7,64.4,188.1,6.737,48.3,1,0,0.79
cotton,19.77,403.38,87.4,67.6,187.1,6.696,58.01,1,1,1.473
cotton,31.65,169.36,52.5,13.8,109.4,7.745,28.74,0,1,1.0
rice,28.9,655.21,20.2,18.1,8.3,9.178,34.34,0,1,1.54
cotton,13.49,712.5,137.8,77.0,153.4,7.939,87.09,0,1,1.025
cotton,33.38,1102.5,133.3,108.3,143.6,5.201,93.53,0,1,1.084
cassava,22.35,206.34,55.1,107.8,189.3,5.136,44.55,0,1,10.434
soybeans,31.92,955.29,33.3,75.5,190.2,8.798,41.79,1,1,1.616
cotton,37.81,1067.99,58.0,88.8,91.0,6.525,90.27,0,0,1.163
rice,13.81,134.88,42.8,27.1,39.8,8.445,15.36,1,0,3.512
maize,20.39,553.08,103.3,68.3,49.9,6.441,26.11,0,0,2.661
maize,35.66,1070.3,66.4,18.7,103.3,6.578,28.9,1,0,2.598
maize,20.64,631.02,16.1,128.7,88.0,6.017,70.73,1,1,2.438
cassava,34.66,594.18,100.4,60.3,51.5,5.729,20.1,0,0,3.746
cotton,14.68,721.12,30.9,108.4,10.5,7.106,28.58,0,1,0.9
soybeans,23.68,1432.22,119.1,25.3,11.0,9.568,59.3,1,1,0.549
cassava,36.13,985.96,132.5,44.4,124.1,7.986,47.79,1,1,4.223
rice,21.93,537.65,32.8,72.3,115.4,7.607,36.11,1,0,2.583
wheat,24.94,1204.6,93.0,107.2,66.5,5.211,65.68,0,1,1.527
soybeans,36.56,574.31,130.5,93.3,191.8,8.422,22.9,0,0,0.631
maize,39.48,412.46,10.3,97.8,124.1,6.198,50.31,1,0,1.825
maize,36.04,709.37,72.2,73.4,138.4,4.408,16.58,0,1,2.412
cotton,17.08,1223.42,49.5,131.1,162.5,3.98,49.01,0,1,1.164
soybeans,31.18,824.58,95.0,127.3,91.5,6.183,79.73,1,0,1.165
maize,26.56,682.38,41.2,137.8,157.7,4.411,88.69,1,1,2.441
soybeans,23.4,575.97,2.4,78.1,72.0,3.509,40.48,0,0,1.161
cassava,33.32,1117.77,135.5,21.1,121.1,7.998,90.55,1,1,3.409
wheat,14.5,926.52,66.8,5.6,200.1,5.772,36.21,0,0,1.844
maize,21.32,1447.91,12.5,101.2,103.8,6.02,68.41,1,0,1.693
rice,31.22,326.05,51.3,19.8,130.6,4.289,98.79,1,0,3.151
soybeans,26.65,466.46,131.6,111.7,199.5,3.744,38.52,0,0,0.679
rice,19.6,783.76,22.8,139.4,175.3,9.115,48.98,1,0,1.337
cassava,39.16,1090.13,116.8,6.8,75.9,8.328,20.71,1,0,3.433
wheat,26.33,243.18,0.8,44.3,126.0,8.126,85.09,1,0,1.341
rice,39.76,1045.64,117.8,63.1,158.6,3.763,24.57,0,0,0.995
cotton,27.39,1194.78,58.0,87.7,16.1,9.907,82.8,1,1,1.363
rice,23.5,1294.64,134.0,74.9,191.3,7.292,60.3,1,0,1.616
cotton,38.63,1413.77,113.6,35.9,111.5,4.958,36.33,1,0,1.224
cassava,39.74,113.58,32.8,60.5,95.0,9.489,62.16,0,0,9.133
maize,28.54,1309.91,79.9,9.3,191.2,7.982,72.18,0,1,2.471
maize,30.37,1401.02,139.6,105.8,62.4,9.218,18.23,0,1,1.937
soybeans,29.51,1147.64,104.9,76.4,167.2,6.341,24.65,1,1,0.972
maize,35.64,543.01,121.8,17.3,160.4,9.009,29.64,1,0,2.531
rice,27.14,1432.03,72.3,119.7,114.4,3.765,41.09,1,1,1.51
wheat,25.62,1234.08,119.2,38.0,124.9,9.063,49.15,1,1,1.627
soybeans,23.44,1284.36,108.6,45.3,69.8,7.913,62.44,0,0,0.645
soybeans,35.89,654.17,104.1,124.9,67.0,6.053,44.66,1,0,0.852
maize,18.9,557.07,108.5,97.6,42.0,4.632,22.46,1,1,3.226
soybeans,18.01,688.21,111.4,90.4,27.1,7.58,30.06,1,1,0.992
wheat,37.22,875.95,123.2,120.3,21.0,4.847,26.49,1,1,1.669
wheat,32.32,911.16,11.0,129.5,128.3,5.555,17.93,1,0,1.26
cassava,15.71,715.26,85.9,39.8,65.1,7.488,95.33,1,1,4.563
wheat,26.76,859.53,99.4,105.4,52.0,8.506,15.69,1,0,1.747
cotton,14.78,305.34,128.6,20.5,178.4,7.038,17.36,1,1,1.114
cotton,12.45,387.22,134.7,75.1,84.6,8.96,21.51,1,0,0.928
cassava,31.02,1290.66,65.4,121.9,40.5,4.535,70.54,1,1,4.942
cassava,26.9,1063.41,112.2,105.9,145.0,9.731,65.3,1,1,4.305
maize,33.24,983.66,74.2,10.9,198.7,8.692,39.18,1,1,2.394
soybeans,11.47,535.38,71.3,79.5,58.5,9.425,45.67,0,0,0.867
rice,27.39,833.32,7.0,13.8,42.5,3.711,77.93,1,0,1.204
cotton,30.25,470.72,121.8,109.7,89.9,8.118,88.62,1,1,1.192
wheat,34.96,181.37,49.6,138.3,144.8,8.407,79.15,0,0,1.148
wheat,25.8,870.95,24.7,74.8,188.6,7.132,35.94,0,0,1.442
wheat,36.97,375.27,84.6,65.7,81.6,4.194,25.54,1,1,2.109
maize,37.58,664.47,47.9,139.6,94.0,6.679,44.24,1,1,2.4
cassava,34.18,823.76,14.8,116.6,195.6,3.89,47.66,1,0,3.804
soybeans,36.67,1409.85,7.5,75.1,80.0,7.568,82.25,0,1,1.108
cotton,38.46,656.92,120.9,40.9,119.2,8.985,93.18,1,1,1.254
rice,37.45,276.73,105.3,84.6,59.9,6.584,42.7,1,1,4.814
soybeans,38.41,924.22,81.1,37.5,14.3,9.644,40.98,1,0,0.996
soybeans,15.32,1300.88,55.0,5.6,59.8,7.385,82.74,0,0,1.097
wheat,35.09,727.48,45.0,83.6,57.1,6.108,42.6,1,1,1.828
soybeans,32.69,210.34,117.4,82.8,143.0,9.814,21.2,1,0,0.588
rice,31.19,1184.84,63.7,102.7,82.6,4.539,48.24,1,1,1.578
maize,37.58,770.6,138.9,124.2,46.7,9.549,24.01,1,0,2.357
cassava,36.38,274.13,120.6,51.1,78.6,3.754,42.11,1,0,7.722
rice,38.15,227.65,29.7,9.1,91.8,5.306,88.81,1,1,4.065
maize,11.29,309.69,54.9,137.7,33.2,8.463,23.35,1,0,1.942
rice,24.93,360.56,8.4,50.6,33.7,8.115,59.9,0,0,2.202
rice,39.52,78.86,97.9,40.4,13.1,6.119,94.43,0,1,3.449
cassava,36.39,694.77,130.4,74.4,143.8,3.95,78.08,0,0,2.804
maize,22.27,301.28,21.9,40.0,114.8,8.145,70.78,0,1,1.856
wheat,37.42,981.8,94.4,106.0,57.1,7.287,86.43,0,1,1.433
maize,27.96,650.5,134.1,80.8,126.0,4.933,67.81,1,0,2.771
rice,36.33,345.79,115.7,83.1,15.9,9.817,58.08,0,0,3.058
wheat,22.69,1383.66,89.9,60.8,57.7,9.384,15.4,0,1,1.393
wheat,18.5,919.39,60.2,5.9,166.5,4.298,57.86,0,0,1.702
soybeans,29.61,261.51,25.9,33.6,52.7,4.973,47.98,1,0,1.534
cassava,18.75,1197.72,113.1,69.9,41.2,7.704,99.38,1,0,3.767
cassava,39.87,1350.89,41.0,80.7,68.3,8.541,94.01,0,1,3.925
cotton,29.26,776.21,126.4,136.6,37.7,9.044,55.43,1,1,1.166
rice,37.16,170.41,26.7,66.7,122.0,8.805,98.99,0,0,2.624
wheat,39.02,1321.67,39.3,76.0,16.3,5.065,80.64,0,0,1.016
wheat,29.45,1427.35,120.1,116.2,195.3,5.0,67.07,1,1,1.504
maize,27.8,73.55,102.0,50.3,138.0,7.118,43.47,0,0,1.738
maize,14.2,652.94,76.8,61.4,108.9,9.977,25.63,1,0,2.196
soybeans,25.47,876.07,31.0,110.9,66.9,9.494,70.48,1,1,1.785
maize,33.82,949.11,74.7,130.1,162.7,4.486,40.81,0,1,2.208
cassava,26.52,413.23,52.0,18.5,50.3,9.335,98.25,1,1,7.559
wheat,37.2,1314.43,100.6,8.4,73.3,7.935,25.1,1,1,1.283
rice,17.4,716.44,88.0,83.0,153.5,5.318,62.59,0,0,1.948
soybeans,20.59,715.16,137.4,32.9,18.1,9.086,88.69,1,1,0.813
cassava,11.83,806.97,53.2,11.3,72.0,6.044,99.13,0,1,3.255
cassava,17.95,160.77,109.0,14.8,116.3,5.111,34.94,1,1,10.308
maize,28.97,276.89,66.3,105.3,59.2,4.815,40.99,0,0,2.082
maize,35.11,948.31,78.9,92.4,177.9,7.315,63.96,1,1,3.178
soybeans,33.41,1146.02,113.9,5.6,105.2,8.081,27.36,1,0,0.682
rice,35.93,498.58,97.2,7.3,79.5,5.786,60.74,0,1,3.227
cotton,11.36,204.48,114.0,92.3,43.2,6.131,60.33,1,0,0.981
cassava,22.84,635.33,99.8,133.5,138.4,6.565,81.01,1,0,4.551
cotton,25.68,747.63,44.0,24.3,153.5,9.219,95.2,0,1,1.007
rice,24.34,565.16,95.6,97.7,148.1,5.243,41.15,0,1,2.841
wheat,35.08,905.2,88.6,134.1,191.0,7.818,14.67,0,1,1.754
cassava,33.61,954.4,117.5,111.3,124.8,9.747,30.48,1,0,3.194
cassava,28.43,663.73,86.5,52.8,10.8,6.068,94.02,1,0,4.366
soybeans,16.33,157.78,40.4,92.8,118.2,7.479,61.24,0,0,1.352
rice,10.93,1423.01,33.7,38.6,21.7,9.535,63.86,1,1,1.118
cotton,10.95,1466.67,27.8,20.4,120.4,4.02,65.81,1,0,0.81
cotton,22.17,535.02,48.2,111.5,121.9,3.748,89.46,0,1,1.05
cassava,34.08,1009.03,45.5,77.3,94.0,5.703,86.94,1,1,4.883
cassava,39.02,686.65,133.0,106.3,19.1,7.932,73.06,1,0,3.481
maize,16.04,622.95,5.5,71.6,113.6,4.98,96.91,1,1,2.238
cotton,10.08,505.3,20.6,35.8,7.2,4.977,42.61,0,1,0.71
wheat,15.1,407.41,60.3,51.4,122.1,5.696,47.79,1,1,2.328
cotton,27.62,1355.49,66.2,125.0,190.5,4.101,22.24,1,1,1.168
rice,14.09,335.2,7.7,32.7,6.8,7.577,41.21,1,0,2.262
soybeans,33.44,269.8,90.6,133.4,141.0,8.772,23.37,0,1,1.033
cassava,35.32,1118.62,125.6,50.2,22.6,3.878,87.28,1,1,3.698
soybeans,15.23,951.73,3.5,60.9,202.2,4.155,50.44,0,1,1.088
soybeans,31.25,148.49,15.1,76.2,98.0,9.685,95.26,1,1,1.227
wheat,31.04,1309.66,14.1,38.4,9.8,3.785,16.55,1,0,1.076
cotton,25.61,554.06,35.5,39.1,25.0,8.812,21.45,0,0,1.009
soybeans,18.54,1441.91,53.1,6.3,61.8,4.275,22.84,0,1,1.148
cotton,30.59,396.13,117.0,106.1,51.8,9.837,71.17,1,0,0.954
soybeans,13.43,1123.44,107.8,140.7,159.7,5.082,17.45,1,0,0.688
wheat,18.97,913.5,139.7,77.5,192.3,8.611,82.44,1,0,1.96
maize,13.89,421.87,49.7,99.4,17.5,4.868,83.58,0,0,1.715
soybeans,22.11,627.89,23.8,58.6,179.3,5.86,95.84,1,0,2.014
wheat,35.0,187.11,56.5,32.9,180.2,8.082,16.18,0,0,1.46
rice,30.48,961.66,37.3,10.5,96.1,9.291,62.98,1,1,1.386
soybeans,35.52,1433.85,29.5,75.6,141.1,5.109,65.64,0,0,1.056
wheat,25.44,680.46,115.9,75.5,81.9,4.548,84.58,1,0,1.991
rice,39.29,595.58,129.3,81.3,58.9,8.066,70.67,1,0,2.305
cassava,19.94,1471.0,44.8,109.2,111.4,7.455,47.84,1,1,5.475
maize,29.23,725.96,26.6,103.2,116.3,5.831,92.38,0,0,2.218
soybeans,37.74,1285.16,73.4,37.1,29.3,5.862,35.97,1,1,1.172
cotton,17.92,864.43,58.9,96.2,101.8,8.032,87.39,0,0,1.179
maize,12.74,1322.32,37.2,23.1,182.7,9.712,88.14,1,1,1.567
cotton,19.46,1095.35,109.5,135.7,78.6,7.959,65.82,1,1,1.52
wheat,12.62,1154.96,25.1,38.1,83.9,5.545,41.66,0,0,1.177
maize,23.54,315.99,119.7,128.6,98.3,3.992,47.35,1,1,2.494
wheat,39.4,363.3,58.3,58.0,191.1,5.355,54.49,0,1,1.639
rice,11.04,643.41,40.5,118.3,165.1,6.471,66.16,1,1,1.862
wheat,34.71,353.35,129.4,98.4,184.4,7.101,73.4,1,1,1.987
soybeans,38.53,754.13,65.3,96.6,25.7,5.148,93.03,1,0,1.301
wheat,22.82,1103.73,29.6,70.6,135.7,7.007,66.32,1,0,1.704
cotton,19.15,1104.93,77.2,71.8,138.5,8.715,97.65,1,1,1.374
cassava,24.3,1447.52,55.4,8.7,49.9,9.644,15.18,1,0,3.887
rice,20.37,951.19,5.4,31.1,171.2,8.484,44.16,0,1,0.983
rice,34.99,231.38,18.2,83.0,194.3,6.197,42.12,1,1,3.943
rice,18.41,1110.1,33.9,29.0,111.0,5.385,68.09,0,1,1.406
cassava,28.98,1259.31,24.0,135.3,111.1,9.499,31.86,1,0,3.939
soybeans,13.64,304.49,34.6,141.3,84.4,7.393,34.77,1,0,1.64
cassava,31.45,837.78,116.1,43.0,185.7,9.992,93.06,1,1,3.416
cotton,38.47,1414.5,25.3,30.9,37.7,8.628,14.52,0,1,0.829
maize,15.43,1208.78,46.8,107.3,89.0,7.259,85.6,1,1,2.187
rice,20.27,1473.01,88.2,63.3,38.3,9.91,84.59,0,0,1.297
cassava,38.93,1324.6,90.2,57.1,128.6,7.24,47.9,0,0,3.163
cassava,32.02,1172.27,109.9,36.9,43.5,7.335,77.73,0,0,3.225
maize,27.23,1270.65,19.6,116.3,45.3,4.564,28.13,1,1,1.552
cassava,18.03,1338.98,108.1,134.7,17.6,7.58,26.44,1,0,3.254
soybeans,35.79,1413.92,28.2,48.4,53.1,5.832,92.66,1,1,1.566
cassava,26.05,239.14,111.7,104.4,110.5,6.845,21.52,1,1,10.286
maize,23.77,1471.05,69.0,51.0,131.7,5.061,20.52,0,0,1.573
cassava,29.83,1058.6,98.6,100.6,83.6,6.067,35.91,0,1,3.748
rice,34.1,864.72,103.7,97.7,76.1,8.758,39.34,1,1,1.61
cotton,23.8,1001.45,36.5,8.2,33.2,6.361,38.25,1,0,1.223
rice,30.61,1198.26,81.6,132.2,193.4,3.918,48.6,0,0,1.196
rice,17.5,933.82,81.9,56.8,102.2,5.54,26.2,0,0,1.402
maize,37.41,1431.58,45.7,54.6,106.1,9.617,89.36,0,0,1.477
cotton,35.46,427.03,27.3,49.0,95.5,9.03,80.94,1,0,0.852
cassava,22.19,114.98,134.0,138.4,60.9,8.255,63.76,0,0,6.182
rice,31.95,288.86,49.2,42.1,75.0,8.104,45.63,1,0,3.228
rice,30.92,982.07,109.6,136.2,143.4,4.513,34.94,1,0,1.503
soybeans,14.11,1281.15,86.3,31.1,40.4,9.175,77.87,1,0,0.796
cotton,30.92,543.01,9.1,75.8,125.3,3.538,22.22,0,0,0.615
cassava,23.89,294.47,2.6,90.4,189.2,4.191,32.14,0,1,5.388
soybeans,16.93,192.73,137.1,46.4,179.2,3.527,15.81,1,0,0.59
cassava,34.29,641.02,3.7,13.1,176.2,9.744,73.2,0,1,2.501
cotton,34.9,297.81,52.1,89.0,101.5,4.791,26.09,0,1,0.981
cassava,37.29,1022.97,90.4,83.3,14.2,9.557,68.0,1,1,4.626
rice,31.56,900.04,68.9,31.9,97.8,5.098,92.68,0,1,1.7
rice,37.46,435.24,125.4,19.5,136.3,9.395,28.51,1,0,2.858
rice,34.27,1182.06,30.1,105.2,165.0,5.75,28.84,0,0,1.29
wheat,15.51,109.82,86.7,38.6,39.4,9.88,39.1,1,0,1.629
rice,19.86,1094.63,90.1,51.6,156.0,7.717,68.82,1,0,1.441
wheat,33.28,95.36,106.6,136.3,82.9,5.066,33.46,1,0,1.389
cassava,33.96,117.35,22.2,60.7,51.0,5.696,99.84,1,1,9.182
wheat,27.18,111.79,85.4,78.3,161.7,3.688,81.15,1,0,1.311
wheat,29.54,196.15,118.4,95.5,10.8,8.146,88.14,1,0,1.788
cassava,26.39,394.41,95.1,73.8,159.4,9.664,23.96,0,0,5.618
maize,35.93,736.15,135.5,31.0,178.7,8.548,80.3,1,1,2.468
wheat,33.8,758.14,19.9,128.8,72.7,8.043,38.99,1,1,1.829
rice,32.4,1293.76,69.3,23.3,144.2,4.839,51.95,0,1,1.379
cotton,18.54,658.94,53.8,124.3,159.3,7.328,37.65,1,1,1.341
cassava,20.39,812.54,32.5,11.7,119.5,5.683,29.65,0,0,3.596
maize,28.23,405.76,8.1,59.7,51.8,4.927,96.55,1,1,1.826
cassava,21.46,1224.32,81.8,59.7,26.9,9.32,17.05,1,0,4.144
maize,28.17,578.66,30.5,143.3,95.8,7.974,26.09,1,0,2.031
rice,32.27,381.08,8.2,47.0,99.9,4.592,44.51,0,0,2.612
soybeans,15.65,357.37,47.6,49.5,196.3,8.629,76.26,0,1,1.479
soybeans,26.18,800.72,1.2,5.2,24.5,4.16,74.62,0,1,1.45
maize,29.75,1283.34,121.4,104.2,172.4,8.034,72.49,1,1,2.526
cassava,31.3,131.5,88.4,112.1,160.7,8.506,33.46,1,1,12.383
maize,11.25,772.29,96.5,40.3,66.6,7.489,91.22,1,1,2.517
maize,11.91,1255.49,83.9,21.1,23.8,9.413,71.55,1,1,2.174
cotton,37.36,576.64,108.5,110.3,185.3,5.497,54.03,1,1,1.469
soybeans,38.79,1324.54,105.7,135.7,49.0,8.936,73.34,1,1,0.704
soybeans,37.15,862.01,63.1,95.5,195.6,8.665,17.44,0,0,1.304
rice,35.64,422.58,2.9,36.2,16.3,4.172,51.11,0,1,2.115
rice,35.69,212.96,48.7,127.7,45.3,4.009,81.78,1,0,3.478
rice,29.33,91.09,116.0,115.4,56.8,8.106,32.48,0,0,3.042
maize,36.9,334.63,3.2,125.6,120.4,9.289,65.34,1,0,1.237
rice,11.19,916.64,121.8,129.7,94.8,6.485,20.62,1,1,1.383
maize,29.45,149.24,125.6,21.7,70.6,8.802,65.37,0,0,1.92
cotton,30.87,1075.44,50.3,35.8,188.0,6.274,70.22,0,0,1.157
maize,37.91,188.27,63.0,52.2,179.1,4.043,32.16,1,0,1.752
wheat,11.85,168.21,1.3,84.2,130.9,3.828,38.98,1,0,1.088
soybeans,20.01,1488.46,14.4,12.4,176.1,9.527,21.79,0,0,0.961
soybeans,24.7,91.84,9.0,80.3,148.8,4.9,76.08,1,0,1.185
soybeans,14.51,725.65,95.1,121.5,96.8,7.358,36.99,1,1,1.043
soybeans,35.87,312.54,76.2,138.1,130.1,8.81,70.21,1,1,1.484
cassava,13.07,1079.16,50.8,17.0,173.5,5.698,32.77,1,1,4.851
cotton,15.44,715.16,82.3,77.0,171.0,5.004,46.46,1,1,1.256
rice,20.44,730.14,46.8,20.0,34.1,3.717,54.44,1,0,2.014
maize,13.93,1456.24,63.5,38.0,19.7,4.603,58.7,0,1,1.565
cassava,12.69,981.96,21.8,63.0,130.8,8.584,72.91,1,0,3.063
cotton,10.86,1411.78,6.1,91.0,143.7,4.198,18.13,1,0,0.762
soybeans,24.63,108.75,91.9,122.9,149.1,8.895,31.24,1,0,0.972
cotton,28.7,1352.03,23.5,92.7,159.5,5.266,77.7,1,1,1.299
maize,14.93,219.05,76.5,131.3,73.8,8.265,70.64,1,1,2.614
cotton,15.07,1144.17,96.4,23.7,105.4,8.575,32.82,1,0,1.24
wheat,30.62,1318.03,93.1,83.7,147.1,8.381,29.99,0,0,1.195
maize,19.69,1203.02,37.9,66.5,20.7,3.665,96.79,1,1,2.073
wheat,18.19,123.92,52.3,124.8,104.7,9.771,57.31,0,0,1.286
wheat,10.61,1438.25,108.6,25.9,20.3,5.503,67.68,1,0,1.152
soybeans,33.31,382.03,73.7,68.2,120.9,9.202,88.63,1,0,1.249
wheat,31.08,1242.96,115.0,44.8,57.7,6.889,97.23,1,0,1.586
soybeans,18.15,1163.51,119.4,114.0,131.2,6.841,74.95,0,1,0.613
soybeans,37.61,701.25,75.1,108.9,144.2,9.289,75.6,1,0,1.323
maize,32.83,282.1,64.6,6.3,54.3,8.222,99.3,0,0,2.021
soybeans,24.45,630.95,138.1,120.0,92.0,8.227,37.18,0,0,0.67
maize,24.95,161.73,8.2,51.8,162.0,8.1,81.82,1,0,1.54
maize,27.42,1407.11,94.1,72.4,166.9,9.678,15.9,1,0,1.873
maize,22.48,747.95,2.7,41.4,157.1,4.391,60.04,0,0,1.515
soybeans,29.09,1007.0,40.5,24.7,36.3,7.656,89.07,1,0,1.31
maize,32.27,293.33,16.9,14.5,149.8,9.537,51.03,0,1,1.443
maize,12.51,1176.86,78.2,64.4,186.3,4.223,56.37,0,0,1.927
maize,36.78,1235.29,47.9,41.3,80.9,7.337,37.05,1,0,2.218
soybeans,19.44,748.77,135.6,99.1,35.7,4.366,31.57,1,0,0.693
cassava,26.55,1065.69,56.9,81.7,193.5,4.582,39.14,0,1,4.224
rice,26.57,123.24,6.1,105.9,93.9,5.166,30.38,1,0,2.843
rice,18.4,261.72,40.5,48.4,109.4,7.814,46.77,1,0,3.206
maize,16.73,1011.42,103.9,123.8,89.5,5.469,41.98,1,1,2.621
cotton,33.04,771.28,111.4,41.5,29.5,6.264,95.15,1,1,1.354
rice,14.87,755.34,103.4,126.4,130.3,7.849,24.86,1,0,1.86
cotton,31.86,201.05,116.4,100.5,11.5,4.369,68.66,1,1,1.026
cotton,28.32,210.78,95.6,142.8,186.1,9.166,39.99,1,1,1.043
maize,35.51,357.39,92.0,71.1,181.0,4.902,72.29,1,0,2.308
wheat,34.41,1471.55,108.3,78.3,93.5,7.008,53.8,1,0,1.29
wheat,38.82,1333.53,15.2,42.2,171.6,8.858,37.68,1,1,0.94
cotton,35.68,798.23,33.3,32.0,195.8,4.818,83.5,0,1,0.955
wheat,35.1,156.04,80.1,85.6,81.7,6.237,82.81,0,1,1.705
soybeans,32.16,356.72,55.1,14.0,50.3,8.654,83.18,0,0,1.53
soybeans,38.63,408.66,102.4,66.5,64.6,6.463,20.12,1,0,0.836
cotton,31.71,1273.25,65.1,114.9,101.5,6.012,59.24,1,1,1.685
maize,28.31,1088.42,38.2,62.9,29.4,4.677,72.58,0,1,2.01
cassava,24.15,959.64,118.8,37.2,168.5,5.027,72.2,1,0,3.506
cotton,36.65,881.2,84.9,28.7,176.6,9.551,80.65,1,0,1.278
cotton,19.26,1066.01,120.6,33.4,76.3,9.869,98.56,0,0,0.922
cotton,13.27,152.85,60.1,108.8,58.9,7.155,37.96,0,1,0.732
cotton,29.82,68.76,25.2,52.9,51.7,9.757,70.04,0,1,0.691
cotton,21.6,1332.63,119.5,88.8,59.6,6.59,49.11,0,0,1.183
maize,23.36,796.49,50.3,88.0,37.7,6.042,97.37,0,1,2.66
wheat,13.49,122.84,105.6,38.0,9.9,6.082,55.5,0,0,1.607
rice,36.34,899.49,94.4,117.6,136.8,6.087,58.17,1,0,1.721
cassava,37.16,885.47,79.3,41.7,126.5,7.243,48.13,1,1,5.011
wheat,30.02,1390.34,128.6,105.7,14.6,9.17,70.57,0,0,1.21
wheat,33.02,339.49,136.9,133.7,37.6,7.132,61.77,1,1,2.118
cassava,37.97,1473.21,114.1,49.1,85.7,5.075,90.61,1,0,3.515
rice,12.85,532.86,52.3,35.0,122.0,6.379,16.94,0,1,2.573
rice,10.91,1273.53,64.4,35.5,31.8,9.696,20.25,0,0,1.073
cotton,19.74,1277.1,126.8,68.3,6.8,8.651,38.52,0,1,1.251
maize,19.46,620.06,33.2,18.6,40.8,8.684,72.27,1,0,2.025
wheat,22.24,1181.91,85.7,76.9,123.4,4.125,55.08,1,0,1.528
cassava,25.5,608.45,8.0,58.3,185.6,3.636,54.82,1,0,3.601
rice,11.97,846.65,82.7,96.4,56.1,5.87,86.56,0,1,1.723
rice,30.64,1199.06,43.0,10.0,191.6,5.744,23.16,1,1,1.633
wheat,35.23,1189.74,1.9,132.7,60.0,9.272,30.94,1,1,1.132
maize,25.19,969.45,9.9,40.6,77.4,6.571,17.93,0,0,1.81
cassava,35.56,1308.47,94.3,98.0,124.5,4.819,50.83,1,1,4.567
cotton,15.28,1098.23,99.1,33.1,36.7,4.001,92.43,0,0,0.845
soybeans,26.65,1126.56,30.8,56.6,77.8,9.736,52.18,1,1,1.708
wheat,30.43,1427.39,39.8,16.4,170.2,9.99,63.75,0,1,1.099
rice,21.37,543.4,86.9,129.7,104.2,8.861,48.59,0,0,2.41
wheat,28.3,105.2,108.0,20.6,87.1,8.813,73.8,0,0,1.501
maize,35.23,105.72,126.2,69.6,132.4,7.786,90.98,1,1,2.106
rice,24.9,1272.27,62.4,104.2,151.4,4.631,45.06,1,0,1.448
cassava,28.2,319.3,97.3,14.9,61.9,7.844,40.69,0,1,7.875
rice,34.33,97.6,65.5,95.5,171.0,3.82,87.31,1,0,2.81
wheat,30.87,450.75,79.8,105.1,172.5,6.441,78.32,0,0,1.728
rice,36.7,405.18,102.2,118.5,176.8,9.945,39.29,1,0,3.354
rice,31.48,930.62,12.4,99.8,17.8,7.375,77.6,0,1,1.031
soybeans,24.14,1436.58,60.7,115.0,193.4,9.2,31.95,1,0,0.972
cassava,34.41,88.11,63.1,111.2,114.2,7.735,58.43,1,0,9.432
maize,24.31,1091.58,34.6,94.7,138.3,4.558,62.6,1,0,2.087
rice,25.5,1117.23,78.0,135.1,80.6,6.514,21.61,1,0,1.618
cassava,20.62,565.85,117.9,109.5,203.4,7.488,53.84,0,1,3.425
rice,17.12,430.82,70.6,109.2,105.6,3.941,76.23,1,0,3.18
rice,26.13,1492.98,55.9,91.2,78.0,6.053,73.83,1,1,1.581
cassava,14.37,928.88,68.5,18.4,84.1,6.846,85.11,0,0,3.626
wheat,31.75,1040.34,31.8,35.1,138.3,4.711,70.89,1,0,1.309
cotton,19.89,933.57,51.4,99.2,52.4,8.056,43.88,1,1,1.298
cassava,15.78,242.2,56.8,36.8,53.9,9.301,59.65,1,1,9.727
wheat,29.91,1415.83,133.3,97.2,6.1,5.833,58.13,1,1,1.359
cotton,23.98,1329.19,96.4,43.9,94.4,6.288,96.5,0,0,0.954
soybeans,23.21,1075.32,82.3,49.5,115.8,8.25,17.64,0,0,1.006
soybeans,30.05,1089.48,81.4,139.2,9.3,8.301,96.46,1,0,1.036
wheat,22.39,1348.26,50.3,45.2,75.4,4.895,60.84,0,1,1.334
maize,30.76,140.32,71.3,144.5,167.8,7.499,40.34,1,1,2.135
cotton,18.14,58.25,19.2,66.5,34.3,9.361,83.29,0,0,0.627
soybeans,38.35,1402.99,31.6,91.0,10.6,9.557,58.98,0,0,1.053
wheat,29.34,1139.84,45.8,87.1,82.9,8.157,28.16,0,0,1.346
soybeans,36.29,1272.64,133.3,115.6,136.9,9.068,20.51,1,1,0.606
soybeans,35.99,1341.11,37.8,9.9,57.2,5.312,92.2,1,0,1.513
cotton,21.02,1298.15,88.7,35.1,72.2,9.008,47.24,1,1,1.244
cassava,11.61,672.42,110.3,105.1,177.2,3.562,97.11,0,1,2.882
maize,36.95,629.3,45.8,6.5,170.3,8.706,22.98,1,0,2.301
cotton,10.43,80.25,85.7,8.1,203.7,4.692,75.12,0,1,0.777
rice,28.86,852.91,138.1,107.5,160.4,9.171,32.55,0,0,1.392
soybeans,20.69,589.89,44.6,92.0,37.9,8.999,83.87,1,1,1.885
maize,35.35,1204.09,24.5,99.2,49.1,4.918,89.17,0,0,1.415
cotton,21.77,1350.33,33.8,103.8,65.5,3.792,61.88,1,0,1.088
wheat,14.49,655.25,47.0,54.1,23.3,4.539,27.92,0,1,1.997
rice,19.5,424.33,5.3,86.6,51.0,4.463,70.23,1,1,2.934
cassava,15.74,647.29,23.8,8.1,47.4,6.986,55.41,1,0,3.327
cotton,28.36,1018.56,33.1,67.3,131.7,7.638,82.1,0,1,1.317
maize,26.39,412.13,48.1,124.3,116.8,6.846,22.56,0,1,2.544
cassava,38.67,1394.25,36.7,37.5,64.5,6.369,41.02,0,1,4.42
maize,20.57,1270.1,66.0,142.1,131.8,4.321,72.15,0,1,1.918
cotton,30.37,1339.61,94.4,120.9,113.7,3.948,22.64,1,0,1.218
rice,16.3,218.68,135.8,8.1,165.5,8.622,39.56,0,0,2.376
maize,12.13,166.26,49.7,136.8,138.7,7.911,45.13,1,0,1.659
maize,34.93,223.84,102.9,79.4,62.6,6.703,39.8,1,0,1.937
rice,10.51,1442.53,6.2,25.0,7.8,7.185,94.17,1,1,1.175
wheat,37.2,158.51,7.0,22.8,28.3,4.071,70.88,1,1,1.288
cotton,30.24,725.67,84.8,18.2,181.8,7.035,17.45,1,0,1.438
cotton,34.14,727.98,117.9,52.9,196.5,4.862,17.29,1,1,1.437
rice,19.87,617.61,36.7,53.0,87.1,8.183,57.99,1,0,1.948
maize,27.35,1055.46,98.1,110.5,179.6,6.75,76.8,1,0,2.668
cassava,37.49,351.13,75.5,43.9,103.7,6.338,37.14,1,0,8.69
cassava,28.82,50.37,106.8,109.6,106.9,9.369,92.13,1,1,8.799
rice,33.14,106.28,27.2,80.1,192.0,8.927,86.46,0,0,2.121
soybeans,11.87,100.98,23.6,106.9,41.7,6.825,22.02,1,0,1.393
cotton,17.95,607.43,2.4,58.6,166.8,7.028,14.84,1,0,0.794
rice,15.74,799.82,127.1,117.6,18.2,8.002,63.18,1,0,1.759
maize,11.91,500.92,45.5,107.1,132.5,9.267,54.61,0,1,2.067
wheat,13.38,728.97,23.7,10.8,72.7,4.48,68.48,1,0,1.484
soybeans,33.24,539.13,88.6,12.0,126.7,4.492,85.43,0,0,0.888
cotton,36.44,240.6,111.6,21.7,86.6,5.605,64.36,0,1,1.048
maize,38.64,269.58,66.8,89.3,121.3,6.11,43.08,0,0,1.948
rice,19.6,661.57,32.2,32.9,12.6,7.682,36.58,0,0,1.829
rice,13.78,1359.49,121.0,70.0,153.9,7.526,83.06,1,1,1.553
soybeans,10.92,1099.51,126.8,116.4,121.8,7.863,99.16,0,1,0.552
maize,24.54,290.37,132.4,124.0,138.8,6.505,49.41,1,1,2.501
maize,37.06,1219.71,137.9,110.6,83.6,7.339,70.85,0,1,1.843
maize,27.47,588.2,84.2,103.8,142.7,5.935,28.35,1,0,2.716
wheat,17.41,891.34,100.9,51.4,125.6,8.862,22.1,1,0,1.952
wheat,25.3,1440.89,137.0,79.4,108.0,5.356,99.75,0,0,1.175
maize,20.83,182.79,128.4,24.2,195.0,6.399,29.92,1,1,2.67
cassava,35.34,425.0,45.6,38.1,186.7,6.767,70.43,1,1,8.013
wheat,18.41,672.47,24.8,140.0,26.5,9.906,86.4,1,1,1.771
cassava,39.61,488.26,4.3,28.2,84.0,5.556,22.35,1,0,4.455
rice,31.08,1436.17,74.4,61.0,195.7,7.674,39.64,0,1,1.629
cassava,29.84,931.7,15.1,96.8,189.8,4.547,65.35,0,0,2.858
wheat,34.61,936.83,52.2,10.7,51.5,9.279,84.35,1,0,1.682
wheat,37.24,390.19,75.8,80.3,179.8,3.828,50.5,0,0,1.356
wheat,17.48,1472.71,25.1,133.0,69.9,8.46,53.25,1,0,1.166
soybeans,31.2,1152.73,73.2,134.4,170.0,8.985,71.88,0,0,1.009
soybeans,20.42,1400.47,20.5,93.5,123.6,4.285,42.03,1,0,1.261
maize,21.53,1035.49,30.6,138.0,162.3,4.081,49.91,1,1,2.535
cotton,22.31,1384.41,123.2,72.7,76.9,5.616,37.01,1,1,1.176
rice,19.04,411.02,52.1,40.7,102.8,6.148,98.84,0,0,2.805
cassava,19.89,139.97,66.6,42.8,148.0,9.721,73.42,1,0,9.973
soybeans,22.66,1384.57,123.1,69.0,87.2,7.108,34.94,0,1,0.523
rice,26.0,914.77,51.2,118.0,109.7,4.259,25.1,1,1,1.563
rice,38.02,316.19,35.4,61.9,81.6,8.665,53.24,0,0,2.349
maize,17.73,136.31,84.5,101.1,27.9,5.995,53.24,0,0,2.118
cassava,20.47,285.77,32.2,15.7,189.0,6.948,48.12,1,1,9.674
soybeans,28.05,929.16,51.1,131.6,105.6,6.521,99.79,1,0,1.898
cassava,22.95,979.29,132.3,20.7,95.4,4.751,90.89,1,0,3.51
rice,31.95,1078.31,28.0,34.5,142.7,4.928,51.73,1,1,1.54
cassava,13.53,528.92,101.5,90.7,29.0,4.562,69.1,1,0,3.969
wheat,22.31,821.38,109.2,96.5,90.3,9.834,23.27,0,0,1.75
cotton,39.91,1179.62,85.8,16.1,150.3,8.106,80.7,0,1,1.361
wheat,34.48,368.57,102.0,54.7,138.4,4.293,74.68,1,0,1.57
maize,31.19,551.09,1.0,61.5,52.0,8.823,43.01,1,0,1.686
wheat,21.81,1412.69,55.4,74.5,54.1,3.501,91.34,0,1,1.139
soybeans,23.24,145.16,56.2,112.1,188.0,6.188,50.43,1,1,1.83
soybeans,22.22,1498.32,81.1,10.9,122.4,5.285,16.79,1,0,0.911
wheat,12.71,1458.46,88.5,143.0,72.8,9.813,26.52,0,0,0.99
cassava,39.42,1216.61,120.4,55.3,70.0,6.861,17.93,1,0,3.655
soybeans,36.14,1249.85,50.4,89.0,36.3,6.981,33.82,1,1,1.562
maize,29.59,1410.54,122.0,112.2,162.7,7.822,36.38,1,1,2.16
maize,13.6,539.54,132.0,50.2,108.8,8.07,45.27,1,1,2.642
wheat,36.32,527.51,116.1,58.0,55.6,9.426,21.93,1,0,1.837
maize,23.28,120.13,114.9,120.7,122.6,5.795,82.78,1,1,2.683
cassava,21.55,55.15,85.9,9.2,105.8,8.728,61.29,0,1,8.876
cassava,19.17,642.21,42.2,16.2,192.9,7.066,81.75,1,1,4.407
wheat,22.13,1296.41,127.3,131.6,171.2,6.143,27.67,0,1,1.539
cotton,25.48,784.81,105.6,31.5,194.3,5.728,39.82,1,1,1.328
rice,23.26,534.45,73.1,87.0,6.7,8.447,75.32,0,0,2.45
soybeans,29.64,112.93,9.3,82.3,26.0,3.645,28.75,1,1,1.371
cassava,31.67,240.22,82.9,99.1,12.4,9.06,91.94,1,1,11.344
rice,21.05,1469.6,58.9,75.3,187.0,8.162,64.06,1,1,1.562
rice,20.85,207.18,122.6,114.6,38.6,6.83,55.91,1,1,4.59
wheat,34.1,940.97,61.4,8.6,70.4,6.234,55.78,1,0,1.451
wheat,23.9,1084.2,51.7,81.7,65.7,5.799,66.79,1,1,2.128
cotton,23.0,1137.38,64.2,27.9,55.4,5.889,19.98,1,1,1.465
wheat,33.96,837.61,123.5,141.1,34.5,6.066,71.19,0,0,1.797
rice,17.76,508.86,12.2,47.5,198.3,9.641,42.8,1,1,2.181
wheat,10.67,1258.64,7.8,33.8,113.9,4.659,85.71,1,1,1.215
rice,26.29,237.6,52.6,18.9,129.6,6.405,80.91,0,0,3.28
wheat,17.86,998.51,97.9,53.3,100.0,6.124,95.47,0,0,1.614
soybeans,18.24,445.97,42.4,90.7,92.7,8.224,90.96,1,0,1.832
cassava,24.78,1356.51,122.8,11.6,65.7,6.382,28.81,1,0,3.908
soybeans,10.68,1399.98,96.1,9.8,168.8,4.802,63.81,1,0,0.671
cassava,23.18,1190.86,129.3,88.9,42.4,8.584,96.2,1,1,3.422
wheat,28.02,1002.91,58.7,71.5,183.2,7.694,56.74,0,0,1.596
rice,10.69,590.86,20.8,83.2,188.5,6.045,86.67,0,0,1.529
soybeans,24.28,1490.97,102.0,138.3,172.0,9.369,84.04,1,0,0.649
wheat,20.67,62.17,102.8,145.0,86.2,9.906,26.19,0,0,1.504
maize,37.87,611.62,9.3,7.7,170.4,6.911,80.67,0,0,1.761
rice,21.02,836.33,20.7,109.5,6.7,4.596,63.95,1,1,1.641
cassava,20.9,1295.66,65.5,34.9,191.9,8.678,18.79,1,1,4.295
cassava,16.45,218.87,123.2,66.6,130.0,6.688,89.04,1,0,8.535
maize,11.74,211.69,72.2,42.5,172.1,3.596,46.6,0,0,1.382
wheat,15.28,724.07,90.7,90.2,19.1,3.922,97.01,0,0,1.949
wheat,26.15,970.29,134.0,96.3,181.7,7.116,67.92,0,0,1.383
wheat,38.48,1479.62,32.9,98.8,173.3,5.019,30.14,0,0,0.832
cotton,31.02,896.19,11.5,95.0,142.4,5.91,89.32,1,0,1.096
soybeans,39.14,220.9,134.2,17.7,51.2,3.803,74.64,1,0,0.604
cotton,24.33,636.8,130.5,10.8,141.7,9.032,96.49,0,1,1.113
rice,32.7,1017.01,32.8,87.3,119.1,6.648,61.3,1,1,1.365
wheat,22.76,1172.39,114.9,39.2,137.4,4.118,16.0,1,0,1.606
rice,14.5,879.15,35.5,36.9,7.3,4.347,40.6,0,1,1.199
wheat,14.58,328.55,14.9,48.4,115.5,9.922,82.23,0,1,1.575
cotton,35.56,1199.2,62.0,106.4,118.7,5.715,76.43,1,1,1.338
maize,26.33,1464.88,51.7,55.0,73.8,6.884,51.9,1,1,1.929
maize,21.75,1213.48,47.8,67.2,140.1,6.808,88.08,1,0,2.099
cotton,14.1,542.28,132.0,75.4,198.5,4.078,55.07,0,1,0.942
wheat,15.62,570.37,5.0,44.6,135.4,7.711,20.33,0,1,1.482
maize,17.98,1485.98,3.6,89.5,136.9,7.972,24.35,1,0,1.362
cassava,37.12,317.91,95.4,134.5,112.7,9.197,24.74,1,0,7.554
cassava,25.36,1254.6,59.8,64.1,55.7,8.819,98.78,0,0,3.82
cotton,35.77,486.49,131.7,44.3,190.4,9.765,26.51,1,0,1.028
cassava,34.84,975.86,125.8,93.2,153.2,8.937,18.71,1,1,3.849
rice,22.67,627.23,3.7,52.0,200.2,9.178,42.33,1,1,2.19
cotton,13.1,455.61,75.3,102.8,131.1,9.621,82.42,1,0,1.143
rice,20.03,87.33,47.7,117.5,184.5,6.868,53.17,0,1,2.454
wheat,18.31,733.27,94.7,135.0,33.3,6.077,19.76,1,0,2.398
soybeans,38.8,804.13,56.1,78.0,160.8,5.711,29.37,1,1,1.565
rice,14.93,229.02,137.2,60.1,50.5,4.614,71.41,1,1,3.91
cotton,34.26,325.97,122.0,111.1,149.5,4.064,15.86,1,1,0.964
soybeans,11.2,1261.07,29.4,51.0,179.0,8.351,32.84,0,1,1.365
cotton,21.74,1444.59,107.0,49.8,195.3,7.697,53.17,1,0,1.197
cotton,29.25,1150.44,114.8,134.2,91.2,9.901,32.55,1,1,1.261
wheat,36.97,427.32,88.0,10.9,82.3,5.404,33.66,1,0,1.972
soybeans,23.6,1103.34,13.4,60.4,201.6,8.755,27.75,0,0,1.199
rice,23.78,129.9,59.8,70.7,190.7,7.667,40.8,1,0,3.449
cotton,38.69,1307.56,101.9,15.6,14.8,8.944,56.11,1,0,1.443
soybeans,34.11,851.81,68.4,21.0,21.8,5.707,40.73,1,1,1.487
cassava,30.6,1492.68,65.4,106.3,104.0,6.308,49.29,1,0,4.8
cassava,37.45,1100.08,114.2,127.1,199.5,8.461,66.32,0,0,2.978
soybeans,10.74,1029.22,130.5,38.2,143.7,9.838,96.76,0,0,0.458
cotton,26.6,531.41,34.1,119.1,26.3,6.668,68.56,0,1,1.146
wheat,20.21,510.77,36.6,53.0,108.0,9.057,77.81,1,1,2.147
soybeans,34.26,1347.27,1.6,140.2,99.7,8.688,24.94,0,0,0.848
cassava,17.56,623.17,137.6,39.3,80.3,5.457,23.43,1,0,3.038
wheat,39.83,546.36,48.2,23.8,139.9,7.703,22.71,1,1,2.26
wheat,12.22,1270.31,134.5,61.8,50.0,3.626,34.41,1,1,1.462
cotton,15.35,901.3,131.8,90.5,127.3,8.287,42.66,1,1,1.179
cotton,36.09,956.83,0.2,54.4,176.6,3.678,14.28,0,1,0.819
cassava,24.04,1123.75,116.6,110.1,33.8,7.543,20.91,1,0,4.723
soybeans,26.67,1246.16,70.6,133.3,130.6,8.962,26.75,1,1,1.188
maize,20.73,910.98,80.6,27.6,99.3,7.098,63.04,0,1,2.515
cassava,35.16,1125.59,130.3,28.2,33.9,7.019,66.84,1,1,3.906
maize,19.07,426.04,27.2,13.1,73.5,5.257,97.11,1,0,2.32
cotton,17.21,940.02,87.0,11.5,126.6,5.934,78.28,1,1,1.405
maize,22.25,590.4,36.4,106.3,104.2,4.027,32.94,1,0,2.202
cotton,20.94,863.01,61.4,45.1,24.1,9.297,14.98,0,1,1.05
maize,19.14,167.33,56.4,29.3,144.0,5.75,97.9,1,1,2.381
maize,35.17,66.56,98.5,140.8,92.5,5.027,74.62,1,1,2.44
maize,32.46,510.5,0.0,76.6,14.4,5.295,74.8,0,1,1.703
wheat,24.08,1141.97,110.6,74.9,24.2,5.979,94.16,0,0,1.529
cassava,21.0,444.77,63.6,118.0,96.3,9.004,99.03,0,0,5.355
soybeans,33.52,1350.95,61.4,37.8,87.4,8.155,23.41,0,0,1.098
rice,12.17,263.81,10.3,118.7,155.5,8.397,75.6,1,0,2.396
soybeans,25.02,759.86,63.9,33.8,156.1,6.434,96.43,0,1,1.606
cotton,33.18,1066.31,19.5,97.1,158.3,7.221,90.78,0,0,0.966
soybeans,30.68,151.08,120.4,113.9,54.0,8.492,15.09,0,0,0.62
cotton,15.58,1000.65,63.9,91.8,52.9,6.324,32.08,1,0,1.229
rice,24.94,713.57,72.6,24.6,107.6,5.076,29.85,0,1,2.475
rice,35.45,79.58,84.6,43.8,177.5,5.342,73.06,1,0,3.05
soybeans,36.16,376.31,66.8,23.6,84.0,4.651,45.27,0,1,1.176
soybeans,12.68,164.09,59.7,137.4,48.5,5.169,22.68,1,1,1.433
cassava,33.07,563.62,97.2,136.8,130.1,4.465,72.45,0,1,4.464
cotton,18.26,912.56,50.5,123.2,148.3,4.153,67.71,0,0,0.929
maize,28.64,1092.14,15.5,10.0,203.9,5.013,18.63,0,0,1.426
soybeans,33.36,1290.35,61.0,57.9,154.5,9.434,78.92,0,1,1.103
soybeans,23.01,713.08,77.1,19.8,203.3,5.087,31.08,1,1,1.537
maize,29.53,822.79,45.4,51.6,138.9,9.962,70.92,1,1,2.403
cassava,30.23,1045.04,91.4,63.2,25.0,9.423,57.66,1,1,4.14
cotton,14.92,1019.76,95.8,45.2,10.5,4.799,48.38,0,0,1.091
rice,24.12,338.45,84.2,13.5,87.7,7.053,51.5,1,1,3.837
wheat,24.8,1192.37,69.3,65.1,7.3,7.192,24.73,1,0,1.882
cassava,28.78,280.23,28.9,143.9,155.6,9.753,39.44,0,1,7.001
maize,27.41,251.84,62.2,92.7,102.8,6.112,99.47,1,1,2.906
wheat,35.27,419.53,139.6,54.7,82.3,4.294,72.5,0,1,1.488
soybeans,38.23,379.37,54.5,89.9,156.1,9.361,92.73,1,0,1.211
wheat,35.36,1106.78,81.1,49.8,44.6,6.221,38.67,0,1,1.574
maize,20.2,1100.91,9.1,49.1,112.9,8.64,41.41,1,1,1.709
maize,13.46,928.17,16.4,52.2,33.6,7.998,31.74,0,1,2.027
soybeans,11.05,104.02,3.7,108.5,68.6,8.676,51.13,1,1,1.126
wheat,11.13,791.66,29.9,77.7,33.2,6.294,65.42,0,0,1.343
rice,22.0,268.22,70.5,117.2,93.3,6.689,86.99,1,0,3.594
soybeans,18.75,228.72,112.8,6.3,67.5,4.634,64.66,0,0,0.747
maize,19.36,1172.29,108.2,78.0,200.2,4.316,15.46,1,1,2.531
soybeans,25.2,97.35,9.7,41.1,113.8,8.307,66.03,0,0,1.218
wheat,13.73,1063.74,118.0,7.8,51.7,9.644,47.13,1,0,1.569
maize,11.88,1364.33,19.5,79.5,87.2,5.758,91.39,0,1,1.467
cassava,11.56,193.98,98.2,56.5,139.3,8.906,87.33,0,0,6.275
wheat,14.33,968.56,56.7,70.1,165.3,5.661,26.64,1,0,2.079
cassava,31.21,462.41,37.4,128.1,37.5,3.919,37.15,1,0,6.146
maize,28.39,1417.46,33.7,22.0,44.5,9.265,69.54,0,1,1.331
wheat,38.54,682.29,60.1,99.9,158.5,6.591,32.4,1,0,1.965
maize,36.92,952.81,136.3,70.1,174.5,3.906,42.83,0,1,2.145
soybeans,32.84,430.6,34.3,140.2,6.6,9.218,31.18,1,0,1.854
cassava,20.97,115.94,82.5,106.1,159.7,4.474,52.2,0,1,10.159
rice,17.7,909.83,131.0,99.9,87.9,7.982,43.58,0,1,1.368
wheat,21.36,1137.16,59.9,99.7,108.4,5.115,66.16,1,1,2.129
rice,20.01,508.88,108.4,12.3,7.6,8.671,55.03,0,0,2.475
maize,32.87,1227.12,47.9,65.7,174.7,5.861,82.28,1,1,2.411
cotton,28.29,1366.25,81.5,29.0,187.7,7.931,74.13,1,0,1.195
rice,37.92,406.34,80.8,43.4,169.8,3.535,62.57,0,0,2.822
soybeans,23.74,235.01,60.6,22.8,105.5,7.148,43.05,0,1,1.414
wheat,29.3,1473.39,21.8,46.5,77.5,5.623,35.67,1,1,1.132
rice,13.9,1030.48,120.2,139.8,130.7,4.697,23.09,1,1,1.405
cotton,36.02,918.36,106.9,139.0,133.8,9.887,40.81,0,0,1.166
wheat,34.05,943.35,22.0,124.4,130.5,8.749,80.57,0,0,1.162
rice,24.66,924.67,45.6,142.7,138.5,3.785,42.09,1,0,1.267
cotton,24.11,1077.51,58.3,129.6,201.7,7.854,88.29,1,1,1.386
wheat,32.49,224.85,72.3,67.2,67.2,8.921,53.92,0,0,1.533
wheat,38.42,296.87,16.9,9.7,77.8,5.695,51.05,1,1,1.318
cotton,10.14,977.48,121.8,99.1,77.5,9.729,90.84,1,1,1.193
cassava,21.46,1049.65,83.8,12.4,20.7,3.635,45.89,1,0,3.814
rice,18.5,50.35,17.8,135.7,178.5,5.018,80.94,1,1,2.894
cotton,25.79,565.1,83.5,141.9,204.5,8.536,48.77,1,0,1.246
soybeans,25.12,1041.01,82.3,122.9,61.9,7.241,24.6,1,1,1.324
maize,38.43,154.86,133.7,78.2,64.9,4.0,57.05,1,1,1.989
rice,35.39,705.87,59.4,26.9,90.3,6.993,15.94,1,1,2.574
soybeans,21.79,1284.59,126.9,75.9,123.8,8.103,85.62,0,1,0.439
wheat,11.18,1367.62,102.3,43.0,104.4,3.681,43.18,1,1,1.452
rice,36.45,797.03,108.5,83.7,115.5,4.246,24.85,1,0,1.828
maize,24.68,1125.38,69.0,72.6,172.6,5.849,87.94,1,0,2.323
maize,36.82,1422.36,125.0,63.7,161.1,6.596,56.79,0,1,1.855
cassava,15.63,297.56,121.8,63.8,135.9,6.776,76.55,1,0,8.126
cotton,24.7,864.28,58.2,15.1,89.6,8.639,83.22,1,0,1.226
rice,26.89,1418.47,0.5,38.3,192.7,4.612,23.74,1,1,1.14
soybeans,14.49,378.18,65.6,64.5,62.8,4.619,79.55,1,1,1.605
rice,29.21,1322.36,58.5,132.5,203.6,4.19,34.04,1,1,1.513
wheat,10.01,1060.64,78.7,34.4,51.6,8.771,57.16,1,0,1.458
wheat,18.09,194.79,121.1,46.5,143.9,8.831,91.52,0,1,1.846
cotton,26.19,1484.44,49.0,140.2,24.2,8.261,23.83,0,1,1.315
cassava,33.37,865.01,139.1,68.8,147.8,8.652,56.49,1,1,3.005
cotton,13.47,1271.81,139.0,56.3,95.7,8.126,94.6,1,0,0.975
rice,29.62,1024.74,0.7,142.9,180.6,9.318,70.7,0,1,1.016
maize,16.29,1466.01,90.4,135.8,65.7,8.582,79.86,1,1,1.806
rice,34.74,655.68,10.2,43.3,201.0,7.376,75.04,0,1,1.989
soybeans,18.08,1238.01,99.5,142.4,147.3,6.219,74.11,1,1,0.968
cassava,12.96,862.95,16.8,34.6,39.4,3.937,71.73,1,1,3.544
wheat,24.57,836.13,107.3,60.1,93.0,6.977,47.92,1,1,2.159
soybeans,31.53,936.39,25.0,57.7,98.6,6.226,29.33,1,1,2.338
wheat,19.69,718.86,76.0,24.9,146.6,9.239,37.91,0,1,2.212
wheat,29.02,706.16,85.5,120.1,41.1,8.02,81.72,1,0,1.897
rice,11.71,902.31,117.6,7.4,14.8,7.223,84.48,0,0,1.105
cotton,12.27,1087.1,103.0,144.6,158.8,5.987,61.92,0,0,0.943
cassava,14.73,960.06,126.1,105.6,74.7,7.318,40.73,1,1,3.809
maize,39.23,1278.24,3.3,130.8,161.6,8.572,53.39,0,0,1.104
soybeans,20.92,237.19,63.9,43.0,75.4,4.113,50.82,1,0,1.287
cotton,12.61,1347.95,110.5,141.1,126.7,6.894,58.63,0,0,0.948
cassava,31.98,210.37,29.7,141.6,150.3,9.448,40.13,1,1,10.272
maize,11.2,472.62,29.1,38.3,186.7,6.542,54.1,1,0,1.981
soybeans,38.36,932.33,35.6,134.4,160.1,7.234,73.83,1,1,1.957
maize,31.31,505.81,66.0,120.0,96.9,5.826,56.5,1,0,2.805
rice,33.34,604.43,62.0,57.7,78.5,6.919,83.56,0,1,1.932
cotton,31.61,1006.3,107.3,85.5,57.2,9.43,15.57,0,1,1.184
cotton,20.66,874.85,36.0,66.6,61.2,4.299,41.68,1,0,1.222
soybeans,10.4,1272.92,131.9,96.8,51.3,5.136,54.13,1,0,0.489
soybeans,34.44,570.83,81.3,15.4,40.0,9.283,66.35,1,1,1.35
wheat,12.53,1237.21,47.8,123.9,203.4,5.766,25.12,0,1,1.365
cotton,30.58,82.37,7.6,79.6,43.2,7.611,61.49,1,0,0.812
maize,20.37,1350.34,66.4,98.5,39.5,4.75,17.51,0,0,1.85
cotton,25.88,988.65,38.6,117.0,139.0,7.727,50.19,1,0,1.22
rice,24.59,720.8,109.9,120.0,115.9,4.669,54.23,1,1,2.364
cotton,35.57,1244.67,124.9,136.7,94.4,7.766,47.58,0,0,0.974
rice,14.38,1243.36,32.9,96.3,86.0,7.374,23.24,0,1,1.012
wheat,11.55,1019.36,38.2,7.8,18.3,9.722,43.76,1,1,1.657
maize,24.58,886.94,6.1,22.2,116.7,5.731,76.71,1,1,2.09
wheat,37.34,611.65,48.8,33.6,184.5,4.914,68.75,1,0,1.713
cassava,39.71,992.76,17.8,75.9,110.8,6.844,62.98,0,1,3.506
cotton,36.97,714.2,61.6,29.5,198.7,4.885,30.42,1,0,1.256
soybeans,26.12,282.19,1.1,64.2,32.4,4.543,20.61,0,1,1.148
soybeans,12.15,186.7,81.6,12.2,72.4,8.396,39.31,1,1,1.142
soybeans,20.78,1393.73,97.8,41.0,117.8,6.965,25.86,1,0,0.82
wheat,28.5,437.08,37.4,125.8,7.6,4.68,66.47,1,0,2.024
soybeans,36.83,739.04,132.3,35.0,19.8,9.294,86.9,1,1,0.655
rice,28.03,1079.22,133.1,39.2,154.2,6.885,37.1,1,1,1.658
soybeans,21.17,1175.77,83.4,95.2,156.5,4.267,85.66,1,1,1.071
rice,36.25,487.11,13.2,111.2,126.2,7.207,18.61,0,1,2.23
maize,11.79,926.32,106.9,78.3,50.4,7.832,20.89,1,0,2.22
maize,37.89,1254.4,135.1,22.4,151.2,9.599,29.59,0,1,1.648
cotton,10.95,678.44,98.6,68.6,97.0,7.854,35.88,1,0,1.161
wheat,12.7,721.77,115.1,32.2,23.2,5.641,47.45,0,0,1.965
wheat,30.03,568.51,65.0,82.7,165.4,4.873,48.29,0,0,1.926
cotton,35.53,1140.13,92.7,64.0,151.1,8.207,68.31,1,0,1.38
wheat,27.96,980.47,114.3,45.4,201.3,6.357,39.45,0,1,1.775
wheat,27.81,460.99,93.7,24.8,152.2,7.697,97.53,1,0,2.216
cotton,23.47,337.03,12.2,105.5,183.9,9.589,67.15,0,1,0.803
rice,27.7,340.89,40.2,27.7,54.9,4.962,58.67,1,1,3.656
rice,38.07,1372.7,29.3,10.5,153.3,8.879,97.24,1,1,1.236
wheat,34.79,1106.49,26.5,112.7,74.5,6.948,66.39,1,1,1.465
soybeans,30.15,614.29,68.3,143.6,47.8,6.216,39.1,1,1,1.724
cotton,38.62,703.69,18.2,20.4,134.5,6.345,22.13,1,1,1.239
soybeans,33.3,957.48,57.3,40.6,176.9,8.051,61.11,1,0,1.316
cassava,24.31,1306.3,3.1,100.1,114.6,4.602,84.3,0,0,2.728
cassava,27.26,703.54,78.9,27.0,176.2,9.412,52.67,0,0,3.257
cotton,24.11,314.38,83.6,102.0,98.7,4.135,54.3,0,1,1.005
cotton,30.08,764.64,97.7,9.8,157.5,3.717,53.16,0,1,1.134
soybeans,36.61,645.72,52.0,46.6,35.5,4.398,25.38,0,0,1.411
maize,35.65,350.26,10.0,14.7,193.2,6.795,49.21,1,1,1.838
soybeans,24.87,1311.98,108.6,16.8,183.1,6.566,77.97,0,1,0.666
cassava,31.74,695.71,8.5,116.7,12.0,8.054,15.97,1,0,3.433
cotton,11.94,994.44,135.9,120.8,199.9,8.996,87.55,1,1,1.208
wheat,12.63,716.01,132.6,131.1,145.3,7.331,38.14,0,0,1.694
wheat,38.56,960.07,53.3,115.9,65.9,4.647,60.78,1,1,1.516
rice,19.28,699.56,56.8,142.8,63.4,5.416,44.49,1,0,2.266
rice,23.44,447.9,55.0,59.3,62.4,5.246,88.05,0,1,2.818
rice,22.69,870.34,51.2,136.1,16.0,7.877,90.65,1,0,1.609
rice,21.28,1146.65,75.6,15.8,8.6,4.165,49.3,1,1,1.594
cotton,30.02,650.44,95.2,61.2,27.8,8.173,84.87,1,0,1.326
rice,16.48,906.76,127.8,116.7,189.3,9.86,14.92,1,0,1.186
cotton,31.49,1334.56,0.0,101.3,158.4,4.865,56.11,0,1,0.911
wheat,21.47,407.26,84.9,142.9,108.5,6.267,45.67,1,0,2.312
wheat,34.32,1371.4,10.2,110.9,56.1,4.64,65.7,1,0,1.014
maize,32.5,1373.91,80.1,30.3,58.8,4.791,35.23,0,1,1.746
rice,27.5,1332.3,21.2,88.7,137.9,6.226,74.29,1,1,1.35
maize,15.45,1367.25,81.7,61.1,97.4,9.657,27.19,1,1,2.022
cotton,19.56,666.42,112.6,17.5,176.9,5.523,14.12,0,0,1.055
rice,11.9,240.98,120.2,93.7,55.6,7.109,59.37,1,0,3.5
rice,34.3,395.52,31.4,75.6,57.2,3.559,69.75,1,0,2.677
soybeans,32.57,594.01,68.0,62.0,135.1,5.815,96.88,1,1,1.911
cotton,36.22,275.23,115.2,40.7,90.5,9.359,53.09,0,0,0.992
soybeans,18.18,54.9,100.8,121.7,84.0,7.167,33.58,1,0,0.944
rice,34.83,670.12,83.4,17.6,72.5,4.083,96.69,1,0,2.155
wheat,28.42,61.89,100.7,83.2,101.9,6.253,58.68,0,0,1.548
cassava,20.25,1441.02,111.8,69.2,45.0,8.772,27.52,0,0,3.066
soybeans,36.66,723.34,72.3,51.6,60.3,7.764,24.31,1,1,1.364
cassava,13.61,1311.94,131.5,16.0,74.8,9.729,21.15,1,1,3.09
rice,31.42,1390.75,72.4,21.4,110.6,4.325,64.95,1,1,1.693
wheat,30.31,789.19,132.0,60.8,51.0,5.623,87.34,1,0,2.01
cassava,12.47,1117.12,76.5,138.5,41.6,7.439,32.2,1,1,3.958
wheat,11.18,193.07,14.1,41.7,54.2,8.324,63.26,1,0,1.624
maize,15.59,1136.59,76.4,33.6,63.4,8.366,55.5,0,1,1.937
cassava,25.33,771.02,8.5,90.0,166.7,8.369,31.46,1,0,3.375
soybeans,25.91,1070.92,36.4,136.9,111.0,8.904,45.39,0,1,1.45
wheat,22.65,541.66,84.5,35.7,51.0,6.882,49.2,0,0,1.932
soybeans,24.57,174.66,118.1,105.5,193.7,8.008,94.87,1,1,0.74
maize,32.04,84.72,81.9,136.8,39.9,6.566,21.86,1,1,2.434
cassava,39.69,752.04,65.5,95.3,116.1,7.622,89.16,1,0,4.343
cotton,29.12,1444.2,136.7,104.0,155.9,7.162,79.0,1,0,1.066
rice,14.22,1089.12,61.2,61.5,32.4,6.794,24.88,1,1,1.487
cassava,17.57,1475.95,42.5,50.3,202.9,4.371,79.41,1,1,4.75
maize,23.19,203.21,89.7,35.2,128.9,7.726,27.07,0,1,2.069
maize,12.45,1316.69,128.9,13.6,60.4,8.74,78.35,0,0,1.773
rice,31.41,350.89,79.6,126.5,91.4,9.783,52.89,0,0,3.007
rice,39.29,1434.27,112.0,38.8,18.6,5.56,36.94,1,1,1.658
wheat,12.42,955.92,121.5,122.4,79.6,8.344,50.76,1,1,1.919
maize,22.55,1402.46,121.2,11.3,10.3,5.947,83.71,1,0,2.481
cassava,35.79,907.05,126.3,101.4,199.2,6.814,68.93,1,0,3.7
soybeans,33.31,1193.44,99.1,40.6,177.4,9.307,30.7,0,1,0.761
rice,35.37,552.09,91.6,104.3,122.2,5.822,63.63,0,0,2.82
soybeans,20.33,1055.92,106.3,124.4,199.6,5.233,75.58,0,1,0.814
maize,30.94,827.34,43.3,118.9,141.9,4.557,92.34,1,1,2.651
rice,11.85,285.62,125.3,101.0,55.0,3.926,73.39,1,0,3.054
cotton,20.93,1235.28,13.7,100.2,63.7,8.67,48.59,1,1,1.139
wheat,13.93,927.07,139.9,24.4,89.8,8.573,16.77,1,0,1.697
cotton,12.06,260.45,76.5,13.7,181.2,4.424,71.96,0,0,0.764
soybeans,18.87,147.19,125.4,101.9,29.3,3.923,97.84,1,0,0.582
rice,21.16,87.47,31.0,114.3,45.2,4.02,54.8,0,0,2.407
soybeans,31.9,358.73,11.0,43.8,54.8,5.025,30.58,1,0,1.513
cotton,24.66,654.46,116.0,70.1,64.1,8.537,87.48,1,1,1.223
wheat,27.52,725.66,76.0,118.2,127.5,7.706,97.54,1,0,2.317
soybeans,23.19,1169.24,72.3,90.4,149.7,3.663,63.08,1,0,1.17
maize,31.07,571.26,41.1,118.3,167.0,9.136,92.54,1,1,2.635
wheat,37.55,840.78,44.8,50.3,31.4,6.576,82.06,1,1,1.692
maize,22.91,509.57,60.8,113.3,125.4,9.301,52.13,1,1,3.215
wheat,23.92,1146.9,81.8,12.5,183.0,5.486,25.86,0,1,1.79
maize,29.7,398.58,26.8,133.6,25.4,6.789,32.99,0,0,1.912
cotton,28.04,1174.23,63.8,93.2,148.3,9.744,28.19,1,0,1.191
soybeans,29.11,806.65,60.8,31.9,102.6,6.108,82.42,1,0,1.82
soybeans,32.43,626.31,29.5,78.0,189.3,7.658,28.87,1,0,1.819
cassava,39.49,134.1,81.7,53.9,173.7,5.848,36.4,1,0,11.499
rice,12.52,1038.21,95.2,98.7,193.5,8.85,17.61,1,0,1.316
cotton,39.1,1481.95,89.9,129.2,45.1,5.1,95.95,0,0,1.222
maize,17.83,547.91,116.8,136.0,42.1,5.921,93.86,0,0,2.264
soybeans,28.09,1499.72,69.0,34.2,37.6,3.775,62.06,1,0,0.814
cassava,11.9,1470.52,16.6,41.2,183.3,6.638,25.66,0,0,2.58
cassava,17.03,588.34,20.6,75.8,96.1,9.982,66.56,1,0,3.463
cotton,16.75,109.75,94.6,35.1,202.9,6.969,38.85,1,0,0.888
cassava,15.0,707.26,34.6,41.3,180.1,6.848,76.72,0,0,3.01
cassava,26.06,452.07,123.2,80.8,186.2,3.761,48.19,1,0,5.553
soybeans,10.23,739.17,27.0,92.8,200.9,6.519,84.3,1,0,1.641
cassava,36.88,1052.3,36.3,131.2,90.9,8.792,47.44,1,1,4.605
soybeans,18.46,844.22,11.7,133.1,85.9,6.059,40.04,1,0,1.687
wheat,13.97,1358.27,105.0,134.4,141.6,4.701,40.51,1,1,1.317
maize,28.3,503.72,38.0,88.7,178.2,9.654,23.11,0,1,2.219
soybeans,39.75,820.24,95.6,38.2,92.5,9.065,28.4,0,0,0.807
rice,38.16,1097.35,26.7,66.9,19.3,6.033,77.78,0,0,1.16
maize,26.0,1311.46,18.3,115.7,30.0,8.662,37.72,1,1,1.806
soybeans,26.01,244.73,130.6,130.2,43.0,5.732,66.76,0,0,0.628
rice,10.4,835.92,64.3,74.9,19.4,7.949,57.28,1,0,1.491
wheat,19.78,154.72,98.5,59.0,70.4,4.322,33.48,0,1,1.459
cassava,37.6,668.92,41.1,94.6,88.1,7.365,50.12,0,0,4.154
soybeans,39.31,1205.04,57.8,26.2,162.1,4.293,30.28,0,1,1.055
cassava,11.38,1480.82,36.9,22.7,79.0,8.301,39.28,1,0,3.831
cassava,34.95,941.87,97.6,46.2,114.7,7.621,64.66,1,1,4.605
maize,34.77,464.28,129.8,140.8,119.3,4.43,46.21,1,0,2.451
wheat,34.5,435.18,1.5,26.7,202.1,5.579,23.36,0,0,1.308
soybeans,28.48,324.07,26.9,96.5,15.7,5.537,26.85,1,1,1.882
maize,26.58,589.65,92.6,24.8,119.2,4.704,37.96,0,0,2.483
cassava,13.32,468.83,29.1,60.5,27.2,3.707,70.48,1,1,5.041
wheat,15.78,1155.29,8.5,144.6,109.5,7.038,44.75,1,0,1.271
rice,32.92,409.33,5.1,19.3,150.7,4.798,45.93,1,1,2.641
wheat,12.56,1349.83,137.2,138.6,175.4,9.005,70.85,1,0,1.262
rice,21.49,1261.58,135.4,66.4,83.7,9.003,50.71,1,0,1.339
soybeans,15.78,1048.18,38.1,121.5,21.7,8.525,22.59,1,0,1.52
rice,27.17,1498.85,40.2,44.3,36.9,4.566,38.53,1,1,1.409
wheat,29.26,646.65,48.4,36.1,159.1,8.021,45.02,0,0,1.774
wheat,13.88,867.79,6.8,127.3,166.4,8.605,15.38,0,1,1.365
soybeans,27.75,1114.39,72.1,119.0,149.4,7.498,26.97,1,1,1.387
cotton,16.7,687.87,66.3,84.2,146.1,3.807,20.93,0,0,0.966
rice,15.35,397.09,58.5,40.2,69.1,4.377,39.47,1,0,3.108
soybeans,22.72,788.36,132.3,81.7,195.6,4.672,76.28,1,1,0.749
soybeans,39.7,639.97,1.5,28.8,135.5,7.479,81.76,0,1,1.153
wheat,11.31,69.52,45.5,15.4,165.8,9.983,19.27,1,0,1.296
cassava,20.17,564.46,81.1,107.7,17.6,7.357,95.94,0,1,4.309
rice,25.85,727.53,14.9,95.9,178.6,8.883,67.84,0,0,1.347
soybeans,22.79,928.98,78.1,96.2,35.8,7.702,29.71,1,0,1.283
wheat,18.81,507.94,29.0,62.6,45.6,8.037,24.66,1,0,2.11
cotton,33.38,981.84,131.4,142.5,194.4,8.857,74.68,1,0,1.229
cotton,39.92,1191.74,122.8,109.7,184.1,3.996,93.97,0,1,1.054
cotton,28.41,702.93,45.1,15.8,96.2,8.819,15.46,1,1,1.296
cotton,28.75,471.75,9.1,16.5,30.2,8.933,70.58,0,0,0.815
rice,33.78,962.22,21.4,104.4,140.5,3.659,49.41,0,1,1.118
rice,30.49,1008.05,133.1,107.2,15.4,9.248,88.19,1,1,1.445
wheat,15.02,650.89,52.1,63.5,46.3,4.472,57.79,1,0,1.877
cotton,39.79,315.59,30.0,45.4,200.1,9.924,82.36,1,1,0.948
rice,34.04,926.35,27.8,74.3,153.5,8.508,56.97,0,1,1.069
cotton,38.19,983.79,12.8,7.9,15.2,7.461,66.81,1,0,1.027
cotton,11.26,1131.82,31.2,136.5,102.3,6.401,81.13,1,1,1.074
cotton,21.3,162.68,56.1,88.2,62.4,9.012,26.99,0,0,0.785
rice,25.38,438.27,63.7,70.9,146.3,9.614,42.32,0,0,2.262
rice,39.43,939.88,111.1,17.0,41.7,8.43,15.89,1,0,1.473
cotton,21.94,224.47,41.1,142.0,92.5,6.567,56.88,1,1,0.979
wheat,19.98,562.04,43.2,142.0,191.5,7.234,98.37,1,0,1.984
maize,24.4,920.03,40.8,102.3,177.0,8.569,17.41,1,0,2.065
cassava,20.85,1491.55,15.6,87.6,141.3,9.573,81.1,1,0,2.928
cotton,23.35,1188.39,4.3,87.0,123.9,9.536,38.64,0,0,0.884
cotton,22.87,1105.06,20.1,27.8,37.6,9.291,20.54,1,0,1.097
rice,11.13,875.38,128.9,140.6,113.1,6.478,95.27,1,0,1.181
maize,27.48,1228.09,45.8,47.8,85.5,7.871,72.67,0,0,1.632
soybeans,38.1,1214.53,59.7,93.9,176.3,6.689,32.64,0,0,1.136
soybeans,24.56,563.16,124.8,28.2,34.9,7.25,70.54,0,0,0.78
soybeans,22.55,1396.97,127.5,105.2,181.9,5.578,46.78,1,1,0.615
wheat,11.72,177.94,36.8,56.4,83.7,4.266,33.42,0,0,1.048
maize,24.46,1148.78,39.5,49.5,189.9,3.865,55.76,1,1,2.458
soybeans,12.4,1290.45,12.9,121.8,77.2,7.479,27.15,0,0,0.994
maize,25.21,322.48,10.8,102.5,81.6,8.842,70.72,1,0,1.73
maize,15.02,263.55,136.2,111.3,198.6,6.358,37.94,1,0,2.013
cotton,38.87,676.84,93.2,79.4,15.9,9.693,82.16,0,1,1.164
cotton,17.2,334.79,77.4,127.2,107.2,3.879,62.45,1,0,0.993
rice,20.39,1460.92,137.2,42.6,13.2,8.083,52.78,0,1,1.406
cotton,16.44,186.58,74.5,109.6,87.5,7.856,56.12,1,0,0.963
maize,38.73,628.6,117.6,31.4,139.5,9.851,22.76,0,0,1.743
soybeans,16.09,147.95,24.0,142.8,98.7,9.138,86.99,1,1,1.909
cotton,11.21,149.96,99.9,8.4,121.0,8.963,46.67,0,1,0.734
maize,34.69,1402.43,76.2,33.0,128.4,8.329,77.46,1,0,2.043
soybeans,17.77,1144.06,101.0,24.7,180.4,4.676,82.56,1,0,0.746
wheat,36.64,967.6,101.2,88.6,133.6,7.259,16.31,1,0,1.377
cassava,21.32,509.77,75.0,97.6,145.7,4.389,83.91,1,1,6.544
rice,37.95,179.06,71.6,133.6,185.8,4.517,45.53,1,0,3.494
cassava,31.97,1055.47,110.9,40.9,93.9,7.784,51.82,1,1,4.411
maize,27.75,1068.82,33.2,76.7,25.8,5.999,55.94,1,1,2.623
cassava,33.48,1012.52,95.6,72.4,138.4,4.019,87.23,0,0,3.898
soybeans,34.17,284.34,41.0,100.1,68.1,8.651,25.22,1,0,1.39
soybeans,19.02,878.46,21.0,114.7,71.5,7.344,75.54,1,1,1.694
maize,36.26,488.58,120.2,125.0,157.9,4.454,73.37,1,1,2.609
cotton,22.28,1170.57,56.5,100.7,25.3,4.364,26.02,0,1,1.206
wheat,21.69,337.1,82.3,120.7,14.8,7.38,69.31,1,1,2.232
maize,35.85,1421.87,52.3,42.9,133.8,6.157,16.18,0,1,1.766
rice,34.52,862.35,35.7,41.8,12.9,5.485,78.04,0,0,1.159
rice,25.51,431.88,29.4,88.9,22.8,3.878,46.01,1,1,2.649
rice,17.95,827.48,62.9,66.6,23.2,8.171,32.38,0,0,1.362
soybeans,24.49,482.39,118.3,89.3,95.8,6.152,56.76,0,1,0.899
cotton,33.82,450.03,71.1,84.0,193.6,5.233,94.56,1,1,1.367
cotton,20.72,1439.84,5.3,134.8,41.2,9.431,18.84,1,0,0.865
soybeans,18.9,866.02,34.9,119.4,27.1,8.891,65.83,0,1,1.57
maize,18.7,1313.55,94.2,116.5,55.1,7.562,63.17,1,1,2.457
cassava,33.76,1119.04,126.3,38.1,96.3,4.699,45.93,1,0,3.585
cassava,14.54,1224.94,106.4,72.8,112.6,3.887,61.77,1,1,3.887
rice,24.9,228.81,56.1,54.1,159.6,8.721,27.19,0,0,3.042
cotton,36.42,1350.19,122.0,76.5,136.9,7.162,19.97,1,0,1.308
rice,24.65,82.73,96.2,46.2,117.0,5.456,28.37,1,0,3.084
wheat,18.66,359.47,75.1,98.9,150.0,8.403,17.17,0,1,2.09
cotton,21.34,385.41,89.0,101.0,98.5,3.862,92.99,1,0,1.095
cotton,31.79,758.73,120.4,21.9,187.0,9.002,74.91,1,1,1.443
cotton,34.33,159.99,28.3,97.1,93.7,5.39,50.0,1,1,0.967
rice,22.42,441.58,29.0,96.6,88.2,4.668,73.26,1,1,2.906
cotton,34.26,601.13,117.4,41.3,62.9,7.906,32.29,0,0,1.15
soybeans,19.3,704.44,53.8,65.5,200.9,4.076,93.31,1,1,1.757
cassava,19.77,738.77,54.4,53.0,9.4,5.84,90.5,1,0,4.105
maize,20.17,556.35,101.6,130.6,182.4,8.569,69.21,0,0,2.374
cassava,14.99,264.2,44.1,88.0,76.7,3.634,22.33,0,1,8.527
soybeans,22.34,439.76,139.8,15.0,13.7,4.912,97.51,1,1,0.837
wheat,30.45,1070.62,78.8,89.1,119.9,4.032,71.64,1,0,1.496
cassava,38.39,1159.6,102.3,29.2,125.8,6.943,98.49,1,1,4.437
cassava,23.86,977.42,63.8,69.1,8.3,4.631,56.01,1,0,3.585
soybeans,26.07,248.8,75.4,25.4,115.6,7.717,47.56,1,1,1.526
cotton,17.56,1188.08,60.7,33.2,135.2,8.263,24.76,0,0,1.119
cotton,29.33,312.07,36.0,129.3,70.4,7.183,48.19,0,0,0.943
soybeans,16.33,396.16,128.5,15.9,90.5,6.961,91.29,1,1,0.812
cotton,28.77,646.18,32.8,77.0,164.5,8.911,86.8,0,1,1.152
maize,18.45,1446.87,1.4,105.2,146.2,7.547,99.15,0,0,1.263
cotton,11.67,1089.65,14.0,24.6,36.9,9.538,72.76,1,1,0.989
cotton,28.91,70.83,118.7,106.2,111.2,8.249,22.11,1,0,0.959
cassava,20.62,1495.25,60.8,8.4,77.5,4.331,24.44,0,0,3.41
maize,35.94,274.64,11.6,72.8,65.5,7.162,83.13,0,1,1.497
rice,28.02,1038.66,139.1,37.5,129.8,6.492,17.39,0,0,1.322
soybeans,26.74,132.09,23.8,44.9,61.5,7.877,15.58,1,0,1.606
cassava,21.07,203.14,102.5,49.9,58.1,7.74,62.07,0,1,10.548
cassava,27.04,1260.93,27.0,104.3,17.3,9.473,20.97,1,0,3.84
wheat,12.21,833.02,38.9,133.1,95.3,9.34,39.72,0,1,1.62
wheat,21.67,977.63,59.9,11.6,105.7,3.928,90.0,1,0,1.634
cassava,39.63,687.44,90.9,12.1,135.7,9.034,95.05,1,0,4.257
maize,16.66,385.06,94.1,7.8,25.8,8.699,29.35,1,0,2.363
cotton,14.83,786.87,1.6,47.1,191.7,5.518,45.0,1,1,0.848
rice,15.79,327.1,107.6,42.2,158.4,4.838,41.67,1,1,3.503
soybeans,28.31,273.26,111.1,114.9,52.5,5.376,94.67,1,1,0.897
maize,25.79,1110.8,11.4,13.4,54.4,4.537,88.97,0,1,1.548
cassava,32.0,574.58,26.1,51.5,117.7,8.222,55.44,1,0,4.269
soybeans,30.83,212.11,79.1,39.8,91.3,7.621,36.1,0,0,1.009
rice,22.21,643.34,76.2,81.1,104.4,4.376,56.66,0,0,1.942
cotton,29.99,608.24,112.4,108.4,152.0,9.904,39.39,1,1,1.147
maize,17.81,281.26,22.5,14.9,42.1,7.817,89.83,1,1,1.847
maize,10.5,1009.49,84.3,27.8,51.8,3.654,85.81,1,0,1.983
cassava,38.79,415.75,9.9,73.9,22.1,5.202,24.83,0,0,5.453
soybeans,17.9,55.7,69.4,19.0,155.9,5.294,52.15,0,0,0.944
maize,11.86,153.18,80.3,84.2,180.6,7.126,96.54,0,0,2.02
maize,35.12,397.74,27.3,75.7,158.7,3.903,63.61,0,0,1.763
cassava,16.1,184.7,8.8,42.5,119.4,9.77,89.3,1,0,7.056
wheat,21.87,652.6,90.1,97.7,35.9,6.747,81.98,1,0,2.06
wheat,25.34,1377.11,6.9,118.6,18.1,4.324,24.26,1,0,1.105
soybeans,27.15,709.77,20.9,68.0,60.7,9.631,90.03,0,1,1.687
soybeans,10.04,519.58,30.8,141.0,150.4,5.773,21.98,1,0,1.602
maize,32.63,1381.72,133.1,85.8,76.4,8.619,35.59,1,0,1.717
maize,28.02,291.07,53.2,91.4,199.0,8.23,93.34,1,1,2.593
cassava,27.31,661.26,83.6,137.6,43.6,9.388,18.6,0,0,3.199
rice,38.77,939.43,36.6,14.4,10.6,5.091,89.81,1,1,1.384
cotton,19.59,685.25,65.9,44.0,81.0,7.39,63.9,1,0,1.301
cotton,13.14,1204.78,35.3,13.2,85.2,8.829,24.88,1,0,0.981
soybeans,10.85,248.75,24.2,12.6,136.3,8.941,46.11,1,0,1.317
wheat,31.46,1003.49,26.3,20.6,137.2,7.896,45.49,1,1,1.525
cotton,39.94,1265.74,78.0,32.1,141.3,9.595,32.22,0,0,1.119
soybeans,31.26,244.93,114.0,89.9,194.9,5.707,23.3,1,0,0.784
maize,12.47,1036.72,91.6,43.3,195.2,4.482,51.18,1,0,1.953
cassava,19.54,541.32,105.2,114.9,50.9,9.824,21.27,0,1,3.973
cotton,17.57,707.19,89.5,127.8,109.9,5.928,88.56,0,0,1.069
maize,11.64,1460.96,31.7,47.6,65.8,4.998,14.13,1,1,1.298
wheat,34.82,1031.04,66.0,133.2,83.4,5.028,70.88,1,0,1.659
cotton,39.65,927.46,118.2,15.2,74.7,8.294,70.34,0,0,1.157
wheat,23.36,1440.64,85.2,34.8,142.9,4.837,43.18,0,0,1.148
wheat,28.28,882.22,61.7,69.8,195.9,4.4,52.37,1,0,1.842
soybeans,35.43,1150.45,41.6,64.7,42.2,4.222,76.16,0,1,1.465
cassava,12.8,1409.8,115.7,125.1,186.3,6.156,86.82,0,0,2.764
cotton,15.26,1164.3,56.0,75.8,133.9,9.413,74.85,0,1,1.08
maize,21.13,1385.11,81.8,80.4,58.8,5.895,91.0,1,1,2.891
cassava,24.99,1078.01,30.6,111.5,149.2,9.377,16.91,1,1,4.162
soybeans,20.74,1346.63,9.8,142.2,128.3,4.693,72.4,1,0,1.139
cotton,20.14,113.22,126.7,77.2,139.2,3.937,18.65,1,1,0.964
rice,38.98,303.44,90.7,39.4,148.5,8.549,71.91,1,1,4.044
cassava,38.51,101.36,104.4,95.0,54.9,6.798,25.14,1,0,10.339
wheat,38.71,882.19,22.2,77.5,84.2,6.616,30.95,1,0,1.24
wheat,17.49,245.03,111.7,37.0,36.1,7.55,20.63,0,0,1.793
soybeans,26.0,1006.26,5.8,106.0,17.4,6.544,85.18,1,0,1.122
cassava,21.82,917.83,52.4,57.5,31.6,9.615,78.54,0,1,3.968
rice,24.94,853.55,78.2,104.0,40.5,5.139,83.72,1,0,1.738
wheat,29.21,653.09,95.0,81.9,60.1,7.701,31.57,1,0,1.782
maize,16.28,122.47,118.1,142.4,163.6,9.05,34.81,1,0,1.726
rice,11.66,830.28,9.9,135.8,158.3,7.777,84.86,1,1,1.234
soybeans,16.25,1008.89,127.6,61.5,46.5,7.717,88.92,1,1,0.716
maize,37.63,1057.16,102.1,125.6,59.8,8.746,30.79,0,0,2.094
cotton,26.46,1363.93,127.8,12.7,21.0,5.093,35.94,0,0,0.984
maize,12.78,1135.16,128.0,65.8,56.7,6.324,76.22,0,1,2.364
cassava,29.88,1274.28,107.2,58.1,100.7,4.71,39.11,1,1,4.253
cassava,15.59,1092.79,93.6,109.7,42.8,4.524,34.34,0,1,3.691
maize,39.47,212.46,55.7,140.7,178.1,8.811,36.18,0,1,1.822
cotton,28.82,977.67,81.9,29.9,11.7,5.696,50.77,0,1,1.127
rice,29.83,518.21,67.4,91.4,86.0,4.789,96.7,1,1,2.721
cassava,36.49,380.16,125.4,52.8,66.9,8.224,40.2,0,0,5.828
cassava,19.34,79.39,107.6,61.1,168.2,8.104,85.27,0,0,7.674
soybeans,31.14,497.82,44.1,13.5,142.4,7.191,44.05,1,1,2.361
maize,30.77,673.4,94.2,43.6,66.3,8.628,52.39,1,1,2.494
rice,12.6,830.63,127.9,59.3,170.9,4.369,94.44,1,1,1.597
cotton,21.71,1075.06,136.1,28.5,87.1,4.118,34.84,0,1,1.059
soybeans,28.54,717.1,109.5,48.3,133.6,9.234,48.58,0,1,0.939
soybeans,22.53,1152.3,24.5,52.4,49.8,5.834,33.81,1,1,1.736
wheat,35.64,946.94,85.3,134.0,54.8,5.057,58.13,1,0,1.71
soybeans,37.25,498.75,136.7,44.4,195.7,3.848,75.0,1,0,0.725
rice,25.39,1022.58,118.6,6.3,85.6,9.397,77.67,1,1,1.535
cassava,21.58,542.53,88.8,87.7,63.7,4.471,45.7,1,1,5.069
maize,22.53,218.72,85.8,136.4,137.4,3.999,44.5,1,0,2.237
soybeans,16.14,1040.11,107.0,122.6,63.4,9.552,61.55,1,1,0.789
cotton,14.82,1161.6,8.2,122.7,193.4,7.898,32.32,0,0,0.883
cassava,33.37,776.35,50.9,65.5,82.7,9.74,80.06,0,0,4.157
cassava,33.1,844.91,75.5,17.4,87.2,7.048,53.73,1,1,4.535
cotton,30.97,177.39,99.8,141.2,112.5,6.74,30.11,1,1,1.268
rice,14.19,189.38,59.4,135.7,113.5,6.928,26.14,0,1,3.307
maize,35.34,512.7,116.0,10.2,124.3,4.995,24.37,0,1,2.479
cassava,13.57,907.22,135.7,26.9,175.6,8.067,80.56,0,0,2.811
rice,19.66,888.95,10.5,137.1,78.0,9.432,81.12,1,1,1.339
rice,19.32,718.41,94.4,80.8,173.7,8.451,19.01,1,1,2.462
cotton,10.87,1399.91,132.9,137.9,193.7,8.799,72.88,1,1,1.211
rice,13.77,470.11,33.4,34.9,87.2,8.076,32.7,0,0,2.436
rice,23.8,930.11,26.4,117.7,198.5,5.246,56.56,0,1,1.1
maize,14.47,493.13,122.7,144.5,78.7,6.416,76.1,1,1,2.614
soybeans,28.42,789.88,60.7,88.1,51.7,9.618,64.64,0,0,1.407
cassava,10.43,221.34,122.8,122.1,64.0,5.354,82.19,1,1,9.047
rice,34.8,205.03,70.7,102.6,122.4,8.913,20.22,1,1,4.335
soybeans,23.0,715.43,135.7,46.5,130.5,6.23,19.26,1,1,0.763
cotton,27.22,1469.93,63.4,136.3,187.9,5.149,48.56,1,1,1.307
cotton,26.66,92.9,87.9,60.3,6.9,7.88,75.27,1,0,0.83
cotton,28.49,867.23,24.6,143.6,89.4,4.131,24.37,1,1,1.104
cassava,13.75,1466.45,138.0,136.1,104.2,5.099,64.05,1,0,3.18
rice,32.22,1147.54,84.9,28.4,164.5,8.181,21.41,1,0,1.419
wheat,37.87,83.17,129.0,87.5,159.9,6.09,99.29,0,0,1.458
maize,28.05,1237.82,123.8,36.9,47.4,7.471,49.35,1,1,2.594
soybeans,23.03,611.63,117.8,35.7,151.8,8.424,50.05,0,0,0.811
cotton,22.98,111.0,19.4,16.1,122.8,4.713,56.88,0,1,0.698
rice,25.17,862.51,102.0,54.7,127.5,7.305,61.09,1,0,1.653
soybeans,36.14,444.76,11.3,97.0,135.8,4.117,41.42,1,1,1.725
cassava,36.38,1349.11,33.4,32.9,104.2,9.352,41.72,1,1,4.388
wheat,28.14,324.18,8.4,130.6,111.9,4.375,18.59,0,0,1.353
maize,39.0,1447.25,119.4,46.2,82.0,9.032,41.26,0,1,1.833
wheat,27.13,136.33,134.4,20.4,18.5,3.787,50.75,0,1,1.59
maize,23.96,137.21,78.7,139.1,40.1,7.985,31.28,1,0,2.415
rice,29.72,686.59,6.3,133.8,99.1,3.688,73.32,1,0,1.626
rice,17.27,295.13,108.5,23.2,95.8,6.795,73.12,1,1,4.124
wheat,22.18,1385.25,11.3,113.8,84.1,8.773,58.15,0,1,1.008
wheat,20.03,358.01,86.6,83.8,97.5,4.123,82.53,0,0,1.503
maize,17.69,369.94,19.3,125.3,105.0,7.887,34.56,1,1,1.957
wheat,28.69,628.03,8.4,54.8,159.4,7.499,45.2,0,1,1.598
rice,17.42,1135.14,36.7,128.4,183.4,4.777,66.79,0,0,1.165
rice,20.8,724.3,96.6,128.8,46.4,9.468,84.11,1,1,2.442
wheat,31.21,892.11,69.3,54.6,67.0,5.946,66.6,0,1,1.57
cotton,37.9,957.18,25.8,83.8,31.7,3.614,68.22,1,1,1.123
maize,30.21,309.92,97.2,37.1,28.5,4.574,14.17,1,1,2.694
rice,27.89,447.61,3.7,107.9,130.1,7.275,77.78,1,0,2.252
cassava,36.07,1156.78,121.6,7.8,53.7,4.085,52.02,1,0,3.926
soybeans,28.25,613.17,70.4,112.6,180.5,4.175,47.1,1,0,1.345
maize,23.32,81.77,42.1,75.4,16.2,6.692,93.73,0,1,2.015
maize,26.86,1423.28,69.5,58.3,37.6,8.61,77.16,0,0,1.842
rice,33.24,433.98,130.7,105.8,155.8,4.924,52.1,1,1,3.286
maize,13.31,469.32,43.4,40.0,108.0,6.981,44.69,0,1,1.983
cotton,21.35,1132.93,123.7,112.4,11.8,8.878,80.61,1,1,1.299
rice,20.66,121.28,4.3,82.6,157.4,6.993,86.31,0,0,2.605
wheat,33.97,1138.97,108.0,74.9,75.8,9.567,18.67,0,0,1.492
soybeans,12.54,1360.43,127.0,102.8,190.2,8.774,85.25,1,0,0.461
rice,34.15,586.34,90.8,106.6,46.9,9.25,67.0,1,0,2.467
cassava,32.87,1095.28,139.6,41.3,152.1,7.084,40.92,0,1,3.73
cotton,18.45,189.55,65.4,87.6,14.4,6.114,36.16,0,0,0.846
soybeans,36.82,770.1,76.2,138.9,182.3,4.602,54.7,1,0,1.148
cotton,37.62,898.16,109.1,110.4,56.6,5.516,55.15,0,0,1.036
rice,31.47,208.96,104.9,24.0,18.3,9.845,96.3,0,0,3.012
maize,19.03,463.02,5.2,90.3,105.5,3.835,37.96,1,0,1.551
rice,32.09,878.44,9.3,21.3,124.3,5.287,20.85,1,1,1.544
rice,15.36,539.73,58.6,76.2,100.4,5.259,16.51,1,0,2.737
wheat,39.13,1051.1,14.3,39.2,124.0,5.291,96.35,1,0,1.179
rice,12.9,1094.66,39.5,30.8,12.9,3.642,80.61,0,0,0.853
cotton,14.52,114.52,97.8,107.5,97.1,7.9,60.29,1,1,0.975
maize,26.24,174.75,8.0,19.8,122.1,7.038,34.1,1,1,1.76
wheat,12.21,557.74,87.4,31.9,34.7,5.405,16.76,1,0,2.362
cotton,31.86,935.96,11.4,94.3,100.4,9.575,38.88,1,1,0.976
wheat,10.84,1462.39,114.7,15.3,94.8,7.628,30.39,1,1,1.607
soybeans,13.03,1212.78,128.1,110.9,169.5,4.907,36.67,0,1,0.558
cassava,10.23,480.15,39.4,129.6,198.4,3.958,54.53,1,0,5.315
cassava,13.25,1443.85,105.0,93.4,68.3,4.546,49.2,1,1,4.173
maize,28.68,372.88,43.0,81.5,88.4,4.541,28.7,1,1,2.194
cotton,12.87,331.3,118.5,84.9,131.7,4.719,85.26,1,1,1.045
cotton,34.64,1229.0,47.2,140.0,9.4,8.497,97.04,0,1,1.254
cassava,18.7,1275.74,69.1,74.8,200.3,9.656,44.83,0,0,3.555
wheat,23.94,1278.31,131.3,64.6,191.4,4.549,27.49,1,1,1.498
rice,14.33,1150.52,70.1,132.6,34.3,7.699,34.03,0,1,1.47
maize,39.15,530.45,67.5,32.5,127.2,5.324,31.8,1,0,2.639
soybeans,20.83,1285.71,77.5,105.5,184.4,9.361,42.25,1,0,1.068
wheat,30.53,1254.73,46.6,37.7,171.5,9.29,49.26,0,1,1.445
maize,32.82,863.85,107.9,74.1,109.5,6.279,16.19,0,0,2.102
soybeans,23.25,817.33,62.9,74.0,64.7,4.533,18.07,0,1,1.379
maize,16.13,786.32,58.7,7.5,163.6,3.949,54.79,1,1,2.261
maize,11.37,1421.66,117.9,46.5,20.4,4.604,24.92,0,1,1.804
cassava,34.65,870.6,42.1,46.3,77.2,7.548,33.85,1,1,5.262
maize,15.01,1487.19,32.4,137.0,134.9,7.45,58.09,0,0,1.31
cotton,26.37,531.79,132.6,123.3,201.5,8.0,46.53,0,1,1.059
maize,21.82,994.29,14.9,97.1,204.9,3.813,98.04,1,1,2.043
maize,10.98,1385.23,86.3,116.5,101.3,4.263,24.77,1,0,1.832
cotton,23.67,1425.48,25.1,99.5,120.3,4.623,19.68,1,0,0.968
wheat,23.21,662.93,93.0,112.6,70.8,9.508,94.71,0,0,1.603
soybeans,16.98,944.48,71.3,143.8,201.6,7.628,52.09,1,1,1.566
wheat,11.81,206.23,109.9,32.8,10.8,9.42,90.61,0,1,1.75
wheat,28.49,1409.03,72.5,71.2,47.7,8.41,26.11,1,0,1.449
cassava,35.97,685.69,53.4,135.6,148.0,9.534,82.54,1,0,4.026
maize,12.04,486.4,99.1,14.4,121.4,5.748,67.4,0,1,2.474
soybeans,23.26,1000.09,47.6,50.2,89.9,4.446,85.48,0,0,1.267
cassava,12.6,132.57,52.4,69.9,126.8,3.542,99.12,0,1,9.537
cotton,13.42,507.39,12.7,62.0,187.3,8.58,76.17,1,1,0.812
wheat,36.81,328.82,12.2,92.8,83.8,4.559,24.07,1,0,1.331
wheat,34.56,409.76,43.2,123.3,103.6,8.88,46.2,0,0,1.527
cassava,36.19,348.03,5.7,99.1,74.0,3.614,35.62,0,1,5.5
wheat,17.55,866.15,81.6,85.8,20.4,8.399,92.21,1,1,2.21
rice,28.46,647.32,130.8,11.8,47.1,7.178,66.94,0,0,2.278
soybeans,25.18,838.37,66.0,42.6,16.2,6.156,18.52,1,0,1.585
cotton,16.11,1278.04,39.4,116.0,102.8,8.255,46.8,0,1,0.974
rice,38.97,597.16,36.2,39.1,96.6,8.437,31.71,1,0,1.792
soybeans,25.89,92.11,5.7,90.8,166.2,6.346,61.69,1,1,1.421
rice,28.08,1479.69,131.3,125.7,182.8,6.541,70.54,1,0,1.448
cassava,30.76,1241.23,90.4,61.3,99.4,8.159,89.36,0,0,3.691
soybeans,36.65,404.98,80.4,112.6,62.8,6.159,59.06,0,0,1.17
cotton,25.54,1324.41,125.3,68.5,96.1,6.849,58.68,1,1,1.423
maize,23.41,717.52,121.0,81.5,81.1,9.849,23.52,1,0,2.548
cotton,31.05,73.96,20.5,121.2,134.1,5.867,57.06,1,1,1.004
cotton,24.05,1378.14,82.0,34.4,61.8,9.483,50.73,1,0,1.134
rice,20.79,232.41,82.5,78.5,45.6,6.437,82.54,1,0,4.611
cotton,22.65,663.0,106.4,122.3,24.0,7.159,79.51,1,0,1.414
cotton,35.14,1441.62,84.8,78.8,8.5,3.969,27.43,0,0,1.01
cotton,15.46,131.53,132.7,5.5,200.4,8.238,42.25,1,1,0.882
wheat,17.67,823.11,39.2,80.9,146.6,8.274,28.16,1,1,1.822
wheat,33.21,1451.4,124.4,116.2,144.0,7.232,24.37,0,1,1.21
maize,16.86,969.83,31.1,50.0,174.6,8.238,22.2,1,0,1.951
maize,36.32,619.05,114.3,66.5,80.4,6.507,39.92,1,1,3.048
cassava,13.16,518.11,23.7,136.8,69.0,5.671,86.23,1,1,5.507
soybeans,30.16,415.68,45.5,121.9,157.4,5.639,59.92,0,0,1.518
maize,33.39,73.49,114.6,10.6,183.0,9.948,39.29,0,1,1.808
rice,15.17,1314.97,85.8,27.0,197.5,6.869,20.27,1,0,1.378
cotton,32.1,639.51,8.8,127.5,116.5,5.652,43.58,0,0,0.903
cassava,27.87,933.15,30.6,96.2,158.1,5.826,82.92,0,1,4.107
rice,29.46,1353.91,87.3,23.4,66.9,4.812,92.16,1,1,1.58
cotton,22.14,107.51,38.2,61.1,100.6,7.034,37.65,1,1,1.046
cotton,32.07,112.19,26.7,98.0,24.7,9.817,88.68,1,1,0.901
wheat,34.48,1472.77,92.4,92.5,68.9,3.633,30.49,1,0,1.049
wheat,18.53,1106.21,68.0,23.5,25.8,8.215,34.39,0,0,1.456
cotton,19.24,609.99,42.8,88.3,71.5,8.217,63.86,0,0,0.933
soybeans,25.58,966.39,112.1,68.3,168.5,6.969,43.11,1,1,0.778
cassava,24.73,657.89,40.8,118.1,101.3,7.757,30.28,1,0,4.971
maize,36.82,998.72,21.3,66.6,128.1,4.043,89.89,1,1,1.854
rice,11.84,906.83,138.5,28.4,14.3,8.567,35.72,1,1,1.239
wheat,30.84,827.75,84.6,110.7,150.2,3.782,83.02,1,0,2.064
rice,24.73,515.06,26.9,48.3,200.0,6.172,52.25,1,1,2.957
soybeans,31.88,1051.3,16.0,97.0,61.0,3.687,49.68,1,0,1.303
rice,26.11,1370.65,118.5,22.8,23.6,7.33,59.76,0,1,1.415
maize,31.94,1439.27,30.9,129.1,191.9,9.457,68.65,1,0,1.367
cassava,35.95,827.71,40.5,54.2,73.6,5.623,34.89,1,1,4.64
wheat,31.89,814.32,61.2,101.7,12.3,4.953,67.01,1,0,1.867
wheat,24.13,315.68,81.9,62.1,135.9,9.691,59.47,1,1,1.887
maize,18.14,1361.15,52.5,82.0,15.1,6.27,85.58,1,0,2.08
maize,35.52,863.77,73.3,21.1,177.0,8.198,19.82,1,1,2.679
soybeans,24.17,1062.55,60.7,33.3,47.8,3.538,39.88,1,1,1.521
rice,38.48,492.39,23.6,69.5,66.4,3.729,41.79,1,1,2.323
rice,17.73,702.42,97.0,107.6,204.1,5.369,60.29,1,0,2.311
wheat,20.75,1498.28,53.7,39.7,129.6,8.712,19.99,1,0,1.116
maize,24.69,652.39,3.4,52.0,40.4,4.14,96.28,1,1,2.352
soybeans,23.18,1131.82,28.7,56.9,131.8,3.618,76.13,1,0,1.508
maize,25.82,1093.06,124.6,16.1,151.3,4.718,87.8,1,1,2.571
maize,12.55,682.56,92.2,66.3,60.4,7.128,43.84,1,1,2.907
cassava,13.35,307.67,110.2,122.0,114.0,7.104,68.35,1,1,8.297
wheat,27.13,449.41,73.9,50.3,163.1,9.293,77.86,0,0,1.792
rice,38.53,82.19,42.5,133.9,69.2,5.14,59.94,1,0,2.973
cotton,25.15,734.22,62.9,51.9,111.7,6.442,17.16,0,0,1.2
soybeans,11.14,928.02,67.9,19.8,60.6,9.287,61.3,1,0,1.248
soybeans,32.6,852.43,50.7,56.1,180.9,3.755,98.97,1,1,1.735
cotton,11.4,830.25,32.9,47.2,54.0,7.726,61.6,0,1,0.983
soybeans,32.76,326.54,79.5,119.0,158.6,8.719,89.62,1,0,1.338
cotton,19.61,679.95,23.7,74.5,137.6,6.733,71.26,0,1,1.015
maize,11.97,1174.52,63.5,78.4,93.2,6.105,62.13,0,0,1.616
cotton,36.69,1068.74,8.4,98.9,53.2,5.549,30.85,1,1,1.059
cotton,13.24,843.02,106.9,85.6,170.3,4.329,51.46,1,1,1.282
maize,31.37,394.01,45.6,109.5,134.9,9.02,70.55,1,0,1.881
soybeans,32.7,1257.11,123.3,90.0,177.1,3.6,23.22,0,1,0.516
cassava,38.13,61.01,80.2,105.4,154.0,9.382,14.38,0,0,7.619
cassava,16.51,204.52,18.3,13.7,22.5,6.308,41.59,1,1,9.566
wheat,29.3,1322.91,57.4,63.6,110.4,3.624,56.71,0,1,1.33
cassava,10.46,1050.84,13.8,21.2,153.9,5.258,68.06,1,0,3.054
rice,16.51,591.78,46.6,29.7,126.5,6.598,88.45,0,1,2.365
wheat,28.67,1329.99,14.2,124.0,164.7,6.775,40.57,1,1,1.285
rice,25.15,94.22,18.5,129.1,155.3,6.249,58.47,0,1,2.581
soybeans,37.98,433.51,21.0,17.6,117.7,4.239,25.93,0,0,1.638
maize,15.76,518.89,31.7,54.7,18.9,6.874,19.81,1,0,2.387
cotton,12.42,1161.83,81.9,17.1,174.7,7.056,93.26,1,1,1.288
rice,18.67,175.06,131.1,57.9,120.3,8.648,41.89,1,0,3.122
wheat,15.36,732.99,130.7,52.9,130.8,3.579,75.16,1,1,2.162
cassava,39.11,549.78,49.0,81.0,81.7,3.509,76.93,1,1,5.42
cotton,19.11,918.79,66.0,52.2,79.9,5.911,97.63,0,1,1.142
wheat,32.09,875.47,93.7,109.4,31.6,4.803,73.22,1,0,1.834
wheat,10.81,181.36,21.9,24.1,56.9,6.452,45.97,1,1,1.579
cotton,39.09,843.63,64.3,51.4,136.5,4.994,23.02,0,0,1.135
soybeans,11.72,915.6,79.7,10.0,107.7,7.462,30.45,0,1,1.183
wheat,10.34,938.35,128.8,20.5,123.1,8.236,20.09,0,0,1.432
maize,34.61,990.68,58.7,69.1,56.3,8.389,58.11,0,1,2.107
cotton,12.79,1329.62,93.9,127.5,203.9,6.867,22.02,0,0,0.946
maize,22.72,1117.84,130.8,134.6,95.2,4.236,98.7,1,0,2.724
wheat,15.62,628.81,117.0,85.9,174.5,8.873,92.04,0,0,1.779
soybeans,27.25,1340.4,91.1,71.5,175.9,6.564,88.7,0,0,0.822
rice,36.27,1212.05,132.1,18.8,58.0,6.718,86.8,1,1,1.531
cassava,14.55,872.08,107.0,111.1,110.1,7.561,79.15,1,1,3.948
cotton,36.78,1165.24,139.5,40.6,102.6,5.037,67.56,0,0,1.017
wheat,10.81,1010.43,62.6,141.2,168.8,4.614,75.93,1,0,1.692
maize,11.18,444.4,0.9,142.0,198.1,6.069,76.64,0,1,1.797
rice,31.55,1166.63,64.7,105.0,152.2,4.399,97.09,1,0,1.366
cassava,37.82,1485.41,81.4,20.2,96.8,8.619,16.38,0,0,3.616
wheat,21.4,143.49,138.3,92.3,194.3,4.175,43.41,0,1,1.541
rice,32.81,1478.15,132.4,32.6,180.1,8.079,53.03,1,1,1.545
cassava,14.38,480.87,67.5,101.8,53.5,6.977,72.88,1,1,6.994
rice,38.3,804.33,94.8,114.0,31.2,7.406,16.95,1,0,1.832
wheat,14.1,1032.52,8.3,51.9,174.3,8.533,69.45,1,1,1.501
soybeans,28.04,1082.67,44.4,80.5,143.2,6.239,87.45,1,0,1.605
maize,17.45,1072.92,59.9,67.0,134.9,9.586,19.5,1,0,1.918
maize,34.78,195.92,33.6,24.9,74.6,6.427,78.4,1,1,1.897
cotton,35.13,141.93,41.8,6.4,144.1,7.532,69.47,0,0,0.814
cotton,29.6,733.05,20.1,76.1,186.4,4.536,73.32,1,1,0.963
wheat,11.77,824.5,109.6,18.2,7.4,8.795,75.26,1,1,2.219
cassava,39.9,193.48,95.6,40.4,83.4,7.699,51.54,0,0,8.814
rice,39.4,377.53,85.7,65.6,19.2,6.671,74.39,1,1,3.606
cassava,36.86,1199.11,105.1,10.1,164.8,4.397,33.13,1,0,3.939
rice,25.25,278.2,93.9,110.6,27.1,6.541,20.09,1,0,4.077
cassava,20.19,600.86,134.1,13.9,159.7,5.513,17.36,1,0,3.721
cassava,13.16,254.49,136.8,87.3,107.0,6.901,32.51,1,0,8.128
maize,10.79,85.08,116.4,43.2,108.6,5.442,94.9,0,0,1.439
cassava,35.61,1144.64,72.4,85.1,31.0,8.964,81.68,1,0,4.01
cotton,27.03,1387.59,87.8,25.4,92.3,7.756,74.22,1,0,1.225
soybeans,10.74,1367.6,72.6,15.5,27.1,5.993,94.86,1,1,1.041
maize,36.94,811.32,99.0,40.3,94.3,4.302,31.71,0,0,1.695
rice,26.47,1426.21,139.8,38.0,150.4,5.957,14.7,0,0,1.065
wheat,13.8,1005.12,31.7,7.7,88.7,5.518,41.4,1,1,1.677
maize,18.47,1428.17,81.4,66.1,121.0,6.859,79.25,0,0,1.839
rice,35.74,617.5,124.4,38.6,61.0,3.845,82.42,1,0,2.359
cassava,28.69,1118.3,48.9,137.2,146.9,6.242,50.68,1,1,4.944
cassava,37.84,806.59,26.9,42.3,81.8,7.551,51.84,0,1,3.722
cassava,30.31,1083.49,138.0,80.8,59.3,7.944,98.23,0,0,3.079
rice,28.8,570.18,139.4,72.2,102.2,7.178,92.84,1,0,2.558
rice,17.03,805.84,24.1,47.8,69.3,4.538,31.65,1,0,1.495
wheat,34.21,736.99,67.8,105.4,77.4,5.796,79.1,1,0,1.855
wheat,18.5,466.67,32.7,53.1,179.3,6.784,34.66,0,0,1.701
rice,35.6,1291.42,13.9,17.7,57.5,9.186,25.09,1,0,1.02
cotton,30.73,1400.7,16.5,13.6,67.2,4.388,59.22,1,1,0.971
wheat,27.08,785.59,127.8,112.6,201.8,6.597,21.25,1,0,1.713
soybeans,22.25,499.04,41.6,47.8,182.0,8.205,71.6,1,0,2.104
wheat,36.96,1206.28,126.2,35.0,138.6,8.3,77.85,1,0,1.299
rice,24.94,499.55,113.7,126.4,139.6,3.805,62.7,1,0,2.897
wheat,38.93,1119.16,116.1,19.7,122.2,4.428,39.6,1,1,1.526
rice,29.77,871.34,66.0,74.4,151.4,4.071,71.46,1,0,1.605
maize,16.97,637.72,37.7,32.8,161.7,9.41,45.84,1,1,2.416
soybeans,16.59,748.82,5.9,69.8,88.8,8.566,44.53,1,0,1.424
cotton,17.21,1041.77,41.3,6.3,131.7,4.236,70.7,1,1,1.074
cassava,21.4,1217.64,91.4,66.1,135.4,3.843,29.5,1,1,4.049
cotton,35.46,80.21,9.3,69.0,152.5,4.525,37.36,0,0,0.58
wheat,17.04,902.26,134.7,19.5,29.3,8.061,71.38,0,1,1.823
wheat,18.31,1113.44,101.2,82.3,53.2,5.149,46.93,0,0,1.304
cassava,11.36,574.34,105.9,56.6,148.0,5.902,50.4,1,1,4.372
wheat,30.85,921.98,57.2,131.3,64.1,3.56,30.92,0,0,1.41
soybeans,11.74,1059.58,7.4,119.4,170.0,5.041,41.83,1,1,1.099
maize,15.38,1457.48,15.9,61.5,152.6,8.08,50.35,0,0,1.186
rice,25.41,1427.9,75.0,60.2,174.6,6.704,54.58,1,1,1.691
soybeans,11.36,52.72,49.1,38.8,17.5,4.667,24.71,1,0,1.232
soybeans,30.32,1061.82,75.0,128.9,55.4,5.977,80.88,1,1,1.273
cotton,28.26,489.82,89.4,92.5,124.4,4.536,68.57,1,0,1.181
soybeans,21.13,1061.37,66.6,122.1,140.6,7.95,32.68,1,1,1.402
cotton,12.75,516.16,87.9,130.2,172.9,5.142,25.53,0,1,0.897
maize,21.6,124.17,55.7,76.6,101.7,5.988,86.17,0,1,1.851
rice,27.08,966.0,72.6,12.2,51.6,6.698,40.68,0,1,1.359
soybeans,36.69,1065.44,28.2,65.2,103.8,3.859,96.1,0,1,1.34
cassava,18.27,123.91,127.7,128.6,199.2,8.157,72.71,1,0,7.854
wheat,16.18,653.48,43.6,115.2,15.0,4.778,32.12,1,1,2.103
soybeans,28.54,1191.14,46.8,128.4,128.0,8.845,60.98,0,1,1.452
maize,37.02,661.5,38.8,87.9,187.5,4.869,67.58,1,1,2.442
cassava,33.48,282.89,136.7,49.1,90.8,5.286,63.83,0,0,6.317
cassava,25.11,1278.92,120.7,91.3,190.6,6.75,90.46,1,0,3.841
maize,13.97,687.79,90.2,58.3,15.9,7.396,91.61,0,0,2.386
wheat,37.09,1369.28,125.8,119.8,144.0,3.659,25.37,0,0,0.894
cotton,28.57,488.78,135.3,44.5,122.8,9.957,89.77,1,1,1.055
wheat,16.16,814.63,109.2,39.5,83.7,9.68,79.49,1,0,1.852
soybeans,30.18,903.6,31.3,123.6,103.4,8.846,48.92,1,1,1.913
rice,13.91,982.97,27.6,18.7,38.4,9.504,84.65,0,1,1.162
cotton,17.77,1384.38,112.8,24.8,158.9,9.435,20.75,1,1,1.291
soybeans,27.21,725.71,89.1,46.7,41.5,7.508,34.11,0,0,0.958
wheat,28.79,678.97,47.9,34.8,125.8,9.705,44.94,1,0,1.936
rice,16.32,393.24,87.9,121.2,88.1,5.179,88.56,1,0,2.996
maize,10.02,1312.47,111.0,92.8,155.1,4.488,53.42,0,0,1.707
maize,10.33,248.48,126.0,127.3,124.5,7.403,71.19,0,1,2.014
wheat,35.44,1496.48,82.4,48.3,139.7,8.992,28.74,1,0,1.218
wheat,26.64,1033.83,32.1,76.7,187.3,6.829,27.53,1,1,1.781
soybeans,36.58,1279.04,29.5,92.4,19.5,8.939,29.01,0,0,1.262
cotton,27.31,175.1,50.2,62.7,172.0,6.837,76.87,0,0,0.872
soybeans,27.06,860.09,119.0,144.4,106.6,5.744,29.99,0,1,0.73
cassava,14.37,383.48,86.5,14.4,97.9,7.462,50.28,0,1,7.318
soybeans,12.31,619.77,93.8,70.8,81.7,4.275,35.06,0,1,0.975
cassava,32.06,1258.18,126.5,85.1,155.7,8.388,27.39,0,0,3.114
soybeans,13.26,1136.47,42.7,138.2,147.9,5.624,38.9,1,0,1.51
rice,24.28,1487.94,107.9,34.5,105.3,5.019,49.22,1,1,1.716
wheat,29.57,268.01,86.4,124.3,29.1,9.333,20.83,0,1,1.612
maize,23.62,1155.55,17.6,32.5,195.3,4.641,62.82,1,0,1.617
cassava,25.63,950.89,12.8,65.6,50.5,5.152,57.35,1,1,4.271
cotton,19.36,1090.06,28.0,69.4,58.1,6.435,80.14,1,1,1.175
cotton,21.42,1017.92,136.5,89.9,149.3,4.072,67.99,1,1,0.997
cotton,13.21,1155.87,118.9,87.2,37.2,3.599,74.27,1,1,1.066
soybeans,10.63,538.22,20.2,37.6,186.1,3.74,32.9,0,1,1.618
cassava,14.29,527.07,61.9,31.9,95.0,4.522,62.07,1,0,4.463
cassava,14.74,1361.04,32.3,45.8,175.2,6.48,16.06,1,0,3.813
wheat,21.64,979.21,122.5,97.5,172.8,6.581,75.69,1,0,1.945
wheat,28.99,1234.5,4.0,15.9,18.9,7.354,65.85,1,0,1.124
soybeans,23.94,69.8,67.4,12.8,200.5,8.639,56.15,0,1,1.132
cotton,18.49,694.36,51.5,107.9,125.7,7.749,32.11,0,0,1.03
maize,26.47,324.33,100.9,76.6,125.9,6.496,85.27,1,1,2.754
rice,27.44,1182.14,26.8,12.0,179.7,3.991,35.22,1,0,1.239
soybeans,30.39,559.27,43.9,100.8,48.1,6.228,30.18,0,1,2.142
soybeans,18.19,296.01,67.8,103.3,50.4,3.527,43.49,1,1,1.24
cassava,18.9,336.52,18.1,37.7,133.5,6.46,61.62,0,1,6.422
maize,15.32,1138.39,113.0,143.7,87.5,5.918,80.77,0,1,2.389
rice,32.89,1151.26,124.1,107.1,190.6,5.662,57.28,0,0,1.261
wheat,36.95,365.81,59.7,141.1,170.4,4.202,57.73,1,1,1.879
rice,15.04,1459.54,86.5,142.4,72.6,8.07,33.14,0,1,1.448
cassava,37.07,381.84,26.7,77.7,139.5,3.788,33.01,1,0,6.831
cassava,12.24,415.05,24.9,113.4,69.3,8.731,28.95,1,1,5.876
soybeans,39.55,1339.46,108.0,62.6,41.8,9.619,59.78,1,0,0.537
soybeans,12.8,116.6,15.6,31.2,105.8,9.019,34.27,1,1,1.28
maize,10.33,1362.8,12.8,49.7,195.0,9.679,63.32,1,0,1.371
wheat,31.68,204.7,7.6,117.7,167.0,4.283,39.93,1,1,1.338
maize,36.6,702.19,27.2,56.5,87.8,8.879,77.09,1,0,1.948
soybeans,11.43,407.37,20.0,83.1,42.0,3.753,17.1,1,1,1.683
rice,21.83,51.86,16.8,79.8,140.0,6.213,76.84,1,0,2.708
cassava,37.18,390.07,27.7,5.9,146.4,9.594,30.08,1,1,7.276
wheat,18.05,1240.37,22.8,114.2,140.0,5.622,61.0,1,0,1.279
cassava,13.71,986.26,139.5,37.5,60.9,9.817,29.37,1,0,2.904
rice,35.36,1104.39,137.3,26.8,50.1,4.877,82.16,0,0,1.157
wheat,21.66,1172.54,18.1,66.2,144.8,6.146,19.03,1,1,1.355
cassava,17.66,920.81,95.9,70.3,72.3,7.524,98.09,1,0,3.609
soybeans,14.45,1067.95,101.6,99.4,72.2,4.604,63.95,1,1,0.743
soybeans,37.97,1320.63,44.7,87.1,20.5,5.176,22.1,0,1,1.315
rice,38.41,639.37,108.1,72.7,184.5,9.4,21.52,1,1,2.733
maize,10.93,426.39,4.7,128.1,53.7,7.123,17.35,1,0,1.786
cassava,31.19,1491.17,96.3,9.8,170.4,5.35,52.36,0,0,3.139
rice,37.98,927.18,92.3,61.3,186.8,7.647,80.15,0,1,1.496
cassava,21.22,1008.94,91.3,125.4,33.1,6.295,22.36,0,0,3.691
rice,23.69,1346.43,69.7,122.9,165.3,6.168,33.79,1,1,1.722
maize,20.43,1014.12,111.4,134.8,51.9,6.096,27.11,1,1,2.837
cassava,17.7,867.39,10.8,117.0,190.1,9.184,43.39,0,0,2.63
cassava,17.23,143.68,74.2,43.3,164.2,3.552,86.46,1,1,8.959
wheat,33.71,581.6,9.1,94.2,171.9,7.822,50.56,0,1,1.344
maize,25.96,205.4,62.6,79.6,53.5,5.25,46.45,0,0,2.014
rice,21.66,1305.3,101.4,61.5,47.9,5.814,38.43,0,1,1.621
cotton,13.36,994.81,85.3,77.2,190.3,6.887,99.18,1,0,1.357
wheat,32.1,251.36,117.4,88.5,192.6,9.129,20.44,0,1,1.501
soybeans,23.29,290.34,137.5,18.5,122.8,7.572,60.27,1,0,0.695
cotton,33.76,724.26,110.6,103.6,43.8,6.817,52.19,1,1,1.422
cotton,16.65,1359.67,68.8,100.0,34.2,5.176,64.41,0,0,1.152
cotton,25.61,1476.7,73.2,30.5,9.4,5.806,92.97,1,1,1.453
soybeans,19.0,360.07,5.3,11.0,179.0,7.91,70.81,1,1,1.717
maize,35.57,850.26,78.5,127.7,85.7,4.371,16.48,1,1,3.034
maize,14.1,994.88,103.4,49.2,134.0,6.068,75.34,0,1,2.16
rice,11.91,611.47,39.6,47.6,201.6,7.678,75.72,1,0,2.136
rice,12.63,969.08,128.0,34.2,138.1,4.012,65.92,0,1,1.121
cassava,21.06,362.35,75.3,121.6,69.7,5.141,37.99,1,0,7.653
wheat,39.41,553.93,117.1,40.9,20.2,3.706,66.13,0,0,1.563
cotton,13.85,1146.95,96.7,90.4,13.2,8.458,69.2,1,1,1.198
cassava,27.27,721.83,92.4,116.2,155.3,9.625,48.25,0,1,3.594
wheat,12.36,1113.73,124.9,27.8,150.1,6.393,78.83,1,0,1.873
cotton,27.22,1355.84,109.2,115.1,37.0,5.83,34.06,0,1,1.269
soybeans,16.28,1425.88,8.5,130.8,65.9,6.751,50.32,0,0,1.029
soybeans,20.99,112.66,136.4,7.4,194.5,5.896,14.87,1,1,0.717
cotton,34.61,247.24,98.8,133.8,120.3,4.71,24.92,0,0,0.856
cassava,28.51,852.56,12.4,107.1,125.4,7.8,91.3,1,1,3.99
rice,15.07,1241.61,107.7,88.5,72.4,5.206,24.48,1,1,1.639
wheat,29.46,1022.13,90.3,36.0,33.7,9.861,17.9,1,0,1.792
cassava,30.35,721.91,61.3,124.8,15.0,9.233,87.28,1,0,4.524
wheat,32.23,1380.5,121.0,144.2,41.5,5.481,68.72,1,1,1.555
soybeans,39.58,1162.17,131.9,35.3,159.3,3.631,71.69,1,0,0.556
cotton,19.13,1121.61,64.8,88.7,88.2,4.553,29.31,0,1,1.041
cassava,21.8,364.99,106.3,114.8,189.5,5.945,57.54,0,0,6.119
soybeans,36.66,522.8,18.7,73.5,154.3,4.214,50.52,0,0,1.253
cotton,15.87,583.47,2.3,122.5,161.0,3.911,45.38,1,0,0.772
cassava,32.14,1391.9,8.2,6.6,144.8,5.315,42.73,1,0,3.084
cassava,18.14,1202.5,32.1,27.2,161.5,8.101,29.71,0,1,3.419
cotton,37.67,334.65,123.8,61.1,171.6,7.866,29.13,1,0,1.116
cotton,21.15,1472.87,14.7,83.7,6.2,8.132,30.96,0,0,0.836
cotton,35.43,1384.37,75.2,35.1,188.2,4.732,18.16,0,1,1.239
cassava,38.97,311.93,83.2,64.7,72.0,7.177,81.28,0,1,9.036
cotton,29.54,186.63,97.3,106.5,203.7,8.007,73.07,1,1,1.271
soybeans,13.87,397.43,120.3,134.4,170.3,5.672,37.43,1,1,0.783
rice,12.53,1227.2,100.6,107.1,25.0,8.165,72.46,1,0,1.249
wheat,20.61,1038.72,25.8,58.5,80.4,5.047,89.36,1,0,1.534
cassava,24.08,1402.77,100.8,15.8,49.8,7.879,90.94,0,1,4.366
maize,19.96,724.74,1.9,16.4,56.7,3.681,68.3,1,1,1.903
rice,34.11,1235.84,137.1,75.3,96.0,8.398,25.39,1,1,1.46
rice,15.58,232.21,19.4,109.7,98.9,8.589,78.18,1,1,2.707
rice,18.54,118.24,93.6,125.8,37.6,8.781,87.39,1,0,3.328
maize,33.47,1489.15,33.7,127.4,171.1,4.96,48.34,1,1,1.602
maize,18.57,677.51,96.0,51.5,16.3,5.93,95.22,1,1,2.801
maize,21.2,379.54,10.2,89.5,138.6,7.527,53.86,0,1,1.797
maize,15.85,1341.09,105.0,132.2,156.7,7.382,70.26,1,1,2.424
cotton,17.12,770.84,30.7,142.8,174.5,3.671,95.51,1,0,1.037
soybeans,15.89,844.77,63.4,127.9,25.0,5.175,78.65,0,0,1.337
soybeans,33.42,577.49,103.0,76.8,152.7,9.397,93.21,1,1,1.055
maize,23.68,1188.51,28.0,77.0,123.5,3.802,66.25,0,0,1.467
rice,12.36,529.83,34.8,143.3,82.9,8.262,72.89,0,0,1.777
wheat,31.0,1288.68,12.2,20.2,133.1,9.7,54.06,1,1,1.245
maize,16.34,1301.35,124.1,32.5,152.5,5.362,83.03,1,0,2.271
wheat,21.39,1122.36,4.3,102.3,191.9,5.988,15.83,0,1,1.235
wheat,33.82,773.38,32.7,36.8,98.0,3.557,59.7,1,0,1.409
rice,11.3,555.29,25.1,95.6,97.9,6.72,50.78,1,0,1.693
maize,12.27,580.24,31.6,32.4,33.2,7.546,81.19,1,0,2.04
maize,21.86,313.58,22.0,120.8,13.4,6.225,28.47,1,1,2.2
cotton,21.31,176.12,65.8,110.3,77.1,5.03,94.1,1,1,1.101
soybeans,20.99,985.89,132.7,10.8,188.8,7.459,83.43,0,0,0.726
maize,15.7,1199.26,127.1,137.1,197.0,6.889,98.05,1,0,2.254
rice,31.33,125.35,120.4,69.2,57.5,5.071,55.54,1,0,3.399
wheat,32.72,60.25,69.5,108.2,161.6,4.527,50.03,1,0,1.465
maize,30.63,1097.93,97.0,23.8,64.9,5.832,83.18,0,0,2.112
wheat,19.09,797.78,90.3,140.1,171.6,8.161,55.19,0,0,1.972
maize,14.41,482.07,12.6,132.5,6.2,6.645,24.6,0,1,1.961
wheat,33.91,820.29,67.3,118.0,89.7,8.713,22.66,1,1,2.167
wheat,38.75,1341.73,139.2,63.4,14.3,5.489,72.12,0,0,0.998
cotton,26.23,476.07,38.7,126.7,34.0,6.72,95.94,1,1,1.192
cotton,18.5,192.48,67.1,137.5,117.2,7.839,23.71,0,0,0.856
wheat,34.22,1000.69,19.8,18.2,74.0,9.057,96.71,0,1,1.269
wheat,31.26,715.57,77.9,68.8,183.1,7.132,93.4,1,0,2.024
wheat,30.19,932.34,90.5,35.6,50.3,6.299,22.24,0,0,1.381
cotton,26.07,496.07,68.5,36.4,15.8,8.565,69.13,0,0,1.047
maize,25.09,701.56,82.0,92.5,19.4,7.937,34.81,1,1,3.093
maize,39.08,597.87,8.7,52.5,106.2,4.552,70.6,1,0,1.651
rice,35.17,1321.82,34.0,82.1,43.5,4.162,92.36,1,1,1.193
soybeans,39.1,1018.4,109.0,113.7,112.0,8.684,65.24,0,1,0.684
rice,15.76,1268.0,101.5,130.3,28.5,9.936,32.01,0,1,1.349
maize,26.6,779.54,27.1,125.2,140.4,8.946,87.85,1,0,1.926
cassava,39.55,931.69,70.1,58.5,184.7,5.086,38.58,0,1,4.262
rice,15.17,442.9,40.0,42.9,176.1,3.707,20.54,0,0,2.183
soybeans,33.66,559.59,23.4,9.7,82.1,9.373,34.55,0,1,1.878
soybeans,12.26,1422.63,128.9,100.8,98.6,4.104,82.0,0,0,0.428
wheat,13.13,1073.12,18.4,67.1,131.4,7.104,98.08,1,1,1.636
maize,26.07,180.92,116.9,49.9,42.3,3.765,64.82,1,0,2.312
cassava,25.92,608.87,20.9,8.1,48.8,4.199,81.55,0,1,3.311
rice,26.3,491.9,25.5,17.0,147.8,4.776,73.35,0,0,2.387
soybeans,27.73,180.06,102.7,144.3,168.8,7.112,55.69,1,1,0.956
wheat,11.57,625.14,10.4,109.8,17.7,4.707,49.86,1,0,1.606
rice,39.35,903.23,78.0,96.8,104.4,3.708,66.66,1,0,1.378
cassava,37.44,1396.65,95.7,7.5,112.4,7.59,99.54,1,1,4.998
cassava,18.29,874.66,63.2,65.9,27.4,4.417,84.61,1,0,3.643
wheat,15.76,1447.71,134.3,109.6,64.3,5.094,99.02,0,1,1.174
cassava,33.69,201.9,117.1,62.1,57.6,7.242,84.71,1,1,10.522
cotton,27.33,1126.62,32.9,46.1,118.9,9.89,32.7,1,1,1.188
maize,27.34,1361.32,114.4,111.0,16.1,3.545,32.27,1,0,2.136
wheat,38.47,606.35,116.6,134.0,103.3,8.239,46.42,0,1,1.762
maize,25.18,1269.02,102.6,80.9,123.1,6.804,39.59,1,1,2.675
rice,32.63,79.74,34.9,129.7,148.7,3.974,84.62,1,1,2.95
cassava,37.4,642.16,65.6,123.4,126.8,7.462,39.5,1,0,4.092
soybeans,26.01,1244.01,137.4,62.5,157.7,4.148,80.81,0,0,0.553
cassava,10.39,507.89,109.2,98.9,151.3,8.777,81.36,1,0,4.018
cassava,39.75,51.24,27.6,31.4,148.4,5.791,53.32,0,0,6.621
soybeans,20.23,838.12,117.7,128.7,37.1,5.707,42.83,0,1,0.812
maize,11.95,890.98,78.6,83.5,125.7,7.897,83.23,0,1,2.181
rice,24.09,710.43,81.5,54.9,37.9,6.774,85.4,1,0,2.333
cassava,24.73,182.55,22.4,58.6,36.1,9.764,95.42,0,1,9.287
soybeans,29.4,1399.31,60.0,51.4,200.4,9.112,41.78,1,0,1.243
soybeans,32.89,931.56,14.4,124.3,125.3,9.746,71.64,0,0,1.252
cotton,37.13,689.26,101.3,119.0,106.0,6.094,92.73,0,0,1.257
wheat,13.13,575.58,41.9,93.8,181.7,6.456,78.21,0,1,1.778
rice,30.12,440.69,38.9,135.7,149.7,7.252,69.7,0,1,3.435
cassava,37.07,462.3,91.6,79.9,124.3,6.203,39.8,0,1,6.056
soybeans,17.09,685.65,2.4,26.2,23.4,5.058,22.6,1,0,1.276
maize,30.29,1035.47,132.4,46.4,5.2,5.268,32.74,1,1,2.742
rice,10.85,962.56,136.6,51.4,28.7,7.208,91.95,1,1,1.395
rice,38.31,1216.09,25.3,61.9,76.1,8.642,57.88,0,1,0.974
maize,20.88,1218.29,45.9,34.3,21.9,6.534,55.46,1,0,2.059
cassava,22.41,591.86,75.1,68.5,182.9,8.026,91.28,1,1,4.968
cotton,39.34,1490.3,83.7,51.4,49.6,5.297,18.31,1,0,1.155
rice,31.68,512.88,126.8,22.7,40.7,6.705,21.05,0,1,2.98
cassava,28.18,468.8,111.6,116.8,160.1,6.911,38.47,1,0,5.627
rice,28.43,534.51,114.5,10.4,179.2,6.833,48.25,1,1,2.726
rice,16.95,312.77,113.4,23.9,98.7,9.601,29.98,1,1,3.201
cassava,22.77,503.23,106.6,121.5,200.1,7.673,53.69,0,0,4.478
rice,22.97,953.6,10.4,75.5,41.5,7.231,68.82,1,1,1.18
cotton,37.49,1282.18,111.7,143.2,144.4,8.382,98.52,0,1,1.159
maize,22.93,410.64,86.4,103.9,38.4,4.59,17.15,1,1,3.078
wheat,22.73,505.51,128.1,10.9,51.9,8.756,85.72,0,1,1.868
rice,37.2,327.3,86.2,61.8,13.2,5.757,36.81,1,1,4.498
maize,39.43,991.79,112.6,105.1,123.6,3.847,53.11,1,1,2.496
maize,29.25,426.75,124.1,130.4,64.5,4.995,49.37,0,1,2.597
cotton,39.81,758.42,77.1,102.2,198.7,8.592,33.28,0,0,0.993
soybeans,15.98,666.88,105.8,89.7,142.7,5.335,55.4,0,1,0.898
cassava,15.3,569.57,91.5,37.8,41.7,3.565,54.56,1,0,4.096
wheat,13.09,218.36,73.9,91.8,85.7,5.376,83.6,0,0,1.465
rice,11.22,1374.9,116.6,46.7,162.9,3.703,97.15,1,0,1.142
soybeans,11.44,1328.97,62.2,87.5,32.8,3.522,35.09,1,0,1.158
wheat,38.12,1189.99,38.2,46.6,18.9,5.358,21.97,1,1,1.24
cassava,36.95,814.21,119.0,13.4,50.5,5.186,47.26,1,0,3.83
wheat,36.66,1032.88,23.7,103.7,153.3,9.265,33.16,1,0,1.226
cassava,32.37,417.53,122.6,69.4,47.0,9.125,49.93,1,1,6.535
wheat,15.6,234.32,82.3,75.9,144.0,5.484,48.6,0,1,2.034
cassava,10.5,615.92,91.6,40.6,91.4,3.869,64.58,1,0,3.093
wheat,23.65,291.42,45.7,14.8,182.9,4.792,79.09,0,0,1.734
soybeans,25.18,628.03,16.7,63.3,19.6,4.142,49.77,0,1,1.892
maize,17.01,148.87,26.2,82.8,63.3,6.213,46.41,1,1,1.783
cassava,39.62,1198.43,139.1,140.6,102.9,8.026,23.5,1,1,4.166
soybeans,27.58,1178.97,34.8,99.9,185.4,6.007,81.0,1,0,1.686
cassava,38.97,382.35,20.1,132.8,138.8,6.347,63.3,1,1,7.263
wheat,15.02,1040.28,106.0,15.0,175.0,8.891,54.64,1,1,1.902
cotton,10.05,972.73,104.8,39.9,97.9,9.777,39.64,0,0,0.951
cassava,31.67,1231.86,119.5,15.8,73.7,7.966,56.88,0,1,3.102
soybeans,35.11,90.07,116.8,24.6,182.3,8.244,28.16,1,0,0.613
cassava,31.19,654.7,31.3,106.3,126.6,6.759,67.67,0,1,3.821
maize,27.5,909.62,49.7,12.3,11.3,6.252,21.27,1,1,2.759
maize,18.45,1315.49,15.8,103.5,113.1,4.127,34.8,0,0,1.308
cassava,26.29,1016.64,114.5,57.4,174.7,4.559,37.3,0,0,3.316
cassava,10.56,1432.66,118.3,41.5,128.3,9.501,22.26,1,0,3.179
wheat,32.68,846.02,37.6,74.2,144.4,3.577,68.82,1,0,1.385
wheat,10.7,1246.57,117.7,109.5,61.0,7.659,41.2,1,0,1.497
cassava,20.35,807.32,50.4,7.2,117.5,4.304,20.88,1,0,4.066
cotton,32.05,187.25,41.5,134.7,90.8,9.603,99.26,1,0,0.882
cassava,13.63,371.33,53.2,55.5,83.3,8.658,41.88,1,1,8.003
wheat,35.43,66.24,89.8,23.4,169.6,8.561,56.99,0,1,1.34
rice,39.27,533.2,83.3,17.6,126.2,4.083,96.49,1,1,3.193
soybeans,12.43,1318.65,120.2,61.5,145.5,7.121,87.35,0,1,0.542
cotton,27.25,1036.9,47.6,55.7,67.9,8.129,27.9,0,1,1.358
maize,24.43,1010.53,16.6,45.4,84.6,9.477,99.42,0,1,1.54
cotton,26.2,518.82,67.0,76.7,85.1,9.544,77.97,0,1,1.073
rice,30.94,500.91,14.0,43.1,171.4,9.873,56.47,0,0,1.984
maize,10.73,1311.64,3.0,127.5,110.8,9.604,82.7,1,0,1.323
cassava,19.22,1053.39,105.4,26.2,85.1,6.638,44.59,0,1,3.749
cotton,30.59,1091.45,38.5,115.5,175.9,9.484,27.86,0,1,1.062
maize,26.44,708.85,118.2,18.7,102.6,4.475,41.92,1,0,2.671
maize,32.75,1059.23,21.5,119.2,49.9,4.955,60.18,1,1,1.879
cassava,18.28,311.07,77.9,123.0,35.6,3.713,35.23,1,1,9.236
cassava,19.27,842.15,98.4,145.0,92.1,6.283,86.46,1,1,4.265
wheat,25.7,1129.6,38.2,136.4,43.9,3.931,69.42,1,1,1.516
cotton,25.15,391.09,122.5,26.4,138.3,5.229,44.66,1,0,1.278
cotton,23.98,1016.25,94.0,32.2,45.0,6.552,92.4,0,1,1.3
cassava,13.36,504.33,58.5,27.3,106.2,4.054,18.0,1,0,4.888
cotton,19.12,1412.75,35.0,49.0,130.7,8.451,57.12,1,0,1.058
cassava,29.56,921.64,129.5,37.0,103.7,9.246,20.7,0,0,2.625
cotton,21.87,1001.21,116.0,115.8,149.3,5.834,24.52,0,1,1.216
cotton,38.62,214.16,29.1,139.8,196.5,4.652,26.48,1,0,0.801
wheat,38.38,679.2,27.3,135.7,25.9,8.242,67.77,0,0,1.324
cassava,31.44,1463.92,125.6,45.8,70.3,5.915,47.93,0,1,3.904
maize,24.49,439.37,40.2,96.9,198.7,7.424,20.62,0,1,2.097
rice,12.04,330.99,30.0,108.3,42.8,7.228,32.51,1,1,2.509
maize,16.97,1354.38,53.7,81.1,186.3,7.558,24.05,1,1,1.957
cassava,11.86,1294.21,43.9,32.4,108.2,9.416,17.75,1,1,4.3
cotton,18.39,515.63,135.6,98.6,90.2,9.922,27.18,1,1,1.044
wheat,11.06,449.73,138.4,42.8,137.7,4.269,65.76,1,0,1.795
wheat,37.26,645.99,119.0,39.9,67.6,3.885,36.17,1,1,1.996
maize,35.35,622.83,7.2,61.3,139.8,6.427,78.41,0,1,1.986
cotton,19.86,198.69,37.1,23.3,63.9,5.202,68.84,1,1,0.914
cassava,22.56,114.23,82.5,82.0,20.6,9.631,22.55,1,0,9.269
cotton,11.41,1183.97,28.9,45.1,103.6,6.423,58.77,1,0,0.949
cassava,32.38,1022.55,90.1,39.1,9.5,8.757,56.24,0,0,3.507
wheat,33.74,1093.54,124.2,35.4,26.5,7.5,84.72,1,1,1.875
soybeans,16.85,603.69,91.5,15.7,125.7,9.553,87.13,0,1,0.96
soybeans,39.23,687.26,8.5,109.9,118.0,6.411,40.6,1,0,1.584
cotton,38.7,86.62,46.6,41.4,14.6,6.137,67.59,1,1,0.999
cotton,34.62,1101.22,122.0,28.8,19.7,4.276,27.85,1,1,1.23
cotton,37.36,1128.37,55.3,18.3,56.4,9.719,40.69,0,0,1.143
cotton,32.17,1380.85,123.7,122.9,194.2,6.993,14.6,0,1,1.047
cotton,22.3,260.85,96.5,23.1,43.1,8.815,70.77,1,0,0.926
maize,12.85,506.63,13.5,29.8,202.5,6.387,59.74,1,1,2.019
rice,37.73,85.37,81.4,81.9,48.9,6.288,70.09,1,0,3.383
cassava,12.53,811.09,29.2,14.4,105.6,6.747,74.79,1,1,4.513
cotton,25.95,798.64,2.7,44.5,15.6,9.351,76.37,1,0,0.954
cassava,34.38,890.46,33.0,130.3,14.1,4.812,78.68,1,0,4.134
maize,29.76,1053.8,118.9,40.0,102.9,4.938,98.94,1,0,2.608
soybeans,13.87,1421.7,99.7,108.8,104.9,6.586,23.46,1,0,0.675
cotton,35.65,724.31,92.5,8.4,55.0,6.336,68.23,0,1,1.367
rice,19.98,685.53,36.8,28.1,142.8,6.845,31.21,0,1,1.916
rice,23.24,76.04,10.4,76.5,198.9,8.006,20.1,0,1,2.389
wheat,36.19,174.73,4.3,89.9,71.2,6.217,48.89,0,0,0.923
cassava,36.55,628.9,56.1,61.7,24.6,9.841,25.91,0,0,3.361
cotton,24.28,726.98,69.0,80.0,11.2,7.961,55.9,1,1,1.57
cassava,10.48,205.17,41.0,82.3,17.8,4.385,29.57,1,1,9.468
cotton,38.7,83.9,75.3,35.5,116.6,6.532,63.52,1,1,1.184
cotton,14.03,617.27,136.0,54.2,178.6,4.106,42.74,0,0,0.806
maize,11.81,1404.93,49.2,19.2,102.2,5.169,38.5,0,1,1.352
wheat,36.84,1031.82,90.7,13.2,168.6,7.179,86.92,1,1,1.722
cotton,23.1,1374.01,110.8,47.8,190.0,5.643,20.24,1,1,1.419
cassava,33.71,360.75,48.2,127.4,15.0,6.83,55.43,1,0,8.085
soybeans,33.89,532.35,83.0,74.3,194.1,8.359,76.83,0,1,1.288
rice,26.02,1325.22,57.4,72.5,19.1,5.308,41.91,1,0,1.691
rice,10.11,400.18,71.4,58.2,94.7,9.874,44.12,1,0,2.934
cassava,15.41,745.44,92.1,65.6,140.9,6.433,42.69,0,0,3.266
soybeans,37.86,1465.05,131.5,43.1,107.0,4.64,83.33,1,1,0.59
cotton,16.02,1355.31,69.6,111.2,17.9,6.209,71.98,0,0,1.063
wheat,29.6,355.08,109.9,20.5,184.0,8.963,72.38,0,0,1.84
cassava,22.07,1452.17,85.6,107.0,74.0,7.855,36.17,0,1,4.471
wheat,27.44,345.98,111.7,10.2,166.2,3.673,70.49,0,0,1.519
cotton,24.69,1421.28,132.4,48.1,167.0,7.361,97.89,1,1,1.447
rice,28.35,870.33,100.1,136.3,187.5,9.649,35.05,0,0,1.336
cassava,22.49,1449.96,83.9,94.0,147.7,8.505,68.61,0,1,4.221
wheat,12.48,916.64,122.9,16.2,115.8,8.858,98.82,1,0,1.952
rice,19.56,700.39,87.7,25.5,42.8,9.086,36.04,0,1,2.286
soybeans,15.72,1056.33,84.4,30.8,59.6,6.158,74.13,1,1,1.277
cassava,36.52,787.67,90.0,60.2,98.6,9.391,94.04,1,0,4.016
rice,34.61,635.96,31.0,76.7,114.8,6.999,62.6,1,1,2.682
maize,13.16,1266.34,93.9,102.6,77.6,9.215,76.38,0,0,1.685
cotton,23.59,372.73,103.4,131.6,52.1,4.64,73.88,1,1,1.285
cotton,22.06,92.69,105.5,141.1,129.1,9.068,58.45,0,0,0.802
cassava,21.32,1007.27,46.2,127.8,26.5,3.747,31.93,0,0,3.575
maize,39.85,133.78,97.3,142.7,52.8,4.425,24.44,0,0,1.625
rice,35.11,1493.45,3.2,20.8,126.9,8.834,38.53,0,1,0.996
cotton,26.87,1154.19,121.3,89.4,168.2,5.53,33.66,1,1,1.465
soybeans,21.63,885.53,116.4,31.4,161.9,7.375,90.83,0,0,0.669
maize,33.95,992.45,98.3,116.4,183.0,5.697,46.3,0,1,2.43
cotton,10.62,1185.73,11.2,24.7,120.0,7.423,73.07,0,1,0.851
cassava,39.35,733.27,22.8,33.3,182.9,9.426,66.28,1,1,4.107
cassava,10.91,80.11,55.4,136.7,179.3,6.824,62.61,0,0,7.04
rice,13.81,669.94,22.5,103.0,156.8,4.188,57.53,1,1,1.994
cotton,39.42,958.74,123.4,51.1,86.4,9.391,79.09,1,1,1.442
rice,18.24,841.84,30.0,71.6,68.6,5.234,97.16,0,1,1.321
soybeans,14.47,1438.84,56.6,127.5,42.9,7.061,16.06,1,1,1.195
cassava,26.04,1055.9,125.5,25.6,50.9,4.198,26.01,1,0,3.629
soybeans,37.27,361.78,28.6,30.4,7.8,8.517,89.25,1,0,1.662
maize,11.36,593.19,87.6,75.4,176.3,7.782,28.01,0,1,2.558
cassava,36.44,1136.95,106.1,96.3,106.4,4.475,42.35,0,1,3.601
wheat,27.75,1064.7,91.6,103.9,146.3,9.771,43.8,1,0,1.622
soybeans,24.18,500.52,121.9,28.9,75.5,8.532,16.62,1,1,0.798
maize,36.63,558.83,16.4,25.0,157.3,7.518,22.7,0,1,2.182
cassava,32.86,810.55,1.8,108.1,151.4,4.573,96.27,0,0,2.849
cotton,21.82,1203.58,5.2,98.5,135.0,9.616,75.35,1,1,0.917
wheat,19.94,1017.87,131.3,96.3,36.7,7.268,60.6,1,0,2.131
cassava,28.17,401.87,73.6,37.7,166.6,6.015,85.7,0,1,7.247
cotton,21.01,114.36,51.7,74.8,47.3,4.625,57.72,1,0,1.014
cassava,37.81,85.43,138.4,104.4,109.1,6.032,58.59,0,1,7.819
rice,39.24,1271.68,70.1,142.4,24.5,5.47,68.89,0,1,1.448
soybeans,10.75,1189.38,45.0,10.2,188.6,4.408,61.45,0,0,0.9
maize,33.1,362.94,87.2,16.9,15.3,6.954,60.49,1,1,2.816
maize,28.46,168.28,12.3,29.1,108.6,4.891,38.36,1,1,2.069
cotton,39.82,120.34,97.5,122.8,134.7,7.203,74.85,1,0,0.938
wheat,39.92,638.56,29.7,93.0,53.9,6.712,55.5,1,1,1.788
maize,12.56,1460.07,72.5,91.0,52.3,6.643,50.91,0,0,1.846
soybeans,21.63,938.95,7.8,75.9,179.2,4.887,50.67,1,0,1.338
soybeans,29.33,79.49,101.4,10.0,204.5,9.172,39.57,0,0,0.642
cotton,22.42,534.04,78.1,53.4,88.3,8.684,27.94,1,1,1.263
soybeans,12.96,150.91,21.5,112.0,149.8,7.173,54.27,1,1,1.683
soybeans,23.38,497.48,85.0,30.9,130.4,4.63,19.49,0,0,1.128
maize,38.83,614.75,54.0,52.7,113.3,4.502,61.62,1,1,2.384
rice,11.0,890.7,23.3,104.7,40.2,5.03,56.52,1,0,1.086
rice,15.07,1467.31,119.5,74.8,125.6,4.977,60.77,1,1,1.655
cotton,37.46,64.06,88.3,71.5,74.4,7.579,18.53,1,0,0.986
soybeans,21.84,310.77,39.9,68.7,63.1,5.018,77.29,0,1,1.617
soybeans,26.02,366.49,23.0,38.2,105.5,5.263,95.49,1,0,1.748
rice,20.91,364.38,93.7,140.9,40.1,7.381,50.48,1,0,3.687
rice,29.91,214.41,100.9,75.0,183.8,9.479,18.74,1,0,3.816
wheat,37.22,311.66,5.7,87.3,74.2,6.137,24.24,1,1,1.412
cassava,12.3,1443.79,34.4,6.3,91.8,5.833,60.36,1,1,3.655
maize,15.31,178.62,16.9,69.5,46.3,5.868,57.29,1,0,1.715
rice,21.51,665.34,100.1,89.5,64.8,6.17,32.72,1,0,2.552
soybeans,39.67,1021.88,64.9,90.9,59.5,5.282,23.77,0,0,1.129
cotton,19.82,1050.88,8.5,125.0,168.3,9.906,94.54,0,0,0.781
rice,22.57,1175.0,47.4,83.9,46.0,8.323,18.5,1,0,1.297
soybeans,27.01,1354.04,135.8,93.8,157.8,4.045,27.82,1,0,0.633
soybeans,12.93,108.35,105.5,64.5,204.1,4.132,87.58,1,1,0.703
wheat,27.77,397.27,0.0,117.4,169.5,8.034,20.59,1,1,1.769
wheat,37.79,606.73,98.4,139.5,35.5,9.108,50.18,1,0,1.976
cassava,38.26,682.11,138.0,13.0,148.6,7.277,57.05,1,0,3.224
rice,10.65,751.21,70.1,50.0,31.4,5.947,71.81,1,1,1.957
wheat,32.95,163.93,82.6,82.0,127.0,8.022,92.96,1,0,1.668
soybeans,26.53,259.75,85.6,135.7,44.1,8.47,16.02,0,0,0.973
rice,18.71,834.72,3.3,16.2,88.6,9.629,76.05,0,1,1.173
wheat,11.73,230.96,62.8,34.6,62.4,7.711,44.83,1,0,1.883
soybeans,15.47,939.51,57.7,96.5,204.0,9.596,14.37,1,0,1.22
cotton,27.16,1426.11,62.2,66.0,105.0,8.033,45.61,1,0,1.394
wheat,27.3,469.66,29.1,112.0,192.1,3.843,25.45,1,1,1.648
cotton,25.7,1008.57,104.9,39.4,69.4,5.504,45.2,1,1,1.273
cotton,27.51,580.7,91.4,47.8,52.7,6.673,32.59,1,1,1.473
cotton,28.8,781.34,135.4,101.9,55.3,9.413,39.29,0,0,0.992
soybeans,13.63,1303.76,69.1,85.1,118.9,6.168,30.56,1,0,1.112
cotton,34.1,687.26,20.6,19.0,64.6,8.687,45.34,0,0,0.911
rice,34.18,164.91,26.8,59.1,102.0,5.807,41.58,1,1,3.528
wheat,37.79,1055.55,94.0,70.4,80.3,7.112,24.37,1,0,1.496
soybeans,28.83,516.68,34.5,6.3,52.1,4.395,66.65,0,1,1.581
rice,28.64,1177.92,70.1,55.1,60.5,7.678,73.58,1,0,1.518
cassava,29.54,825.61,64.3,132.1,38.6,3.563,20.31,0,0,3.008
cotton,28.34,204.77,78.5,15.3,114.0,7.093,89.2,1,0,1.236
cotton,11.29,277.0,89.8,60.9,170.1,3.968,30.89,0,1,0.768
rice,20.29,1482.78,67.9,30.1,183.2,6.492,75.03,1,0,1.516
maize,20.87,891.85,88.5,6.8,137.7,4.657,96.65,0,0,2.243
wheat,33.89,862.37,26.3,73.2,189.3,7.512,76.05,0,0,1.276
soybeans,20.39,1172.88,36.7,51.0,26.6,9.578,39.03,1,0,1.456
cotton,13.79,721.69,102.3,121.7,114.3,6.586,47.05,0,0,1.026
rice,36.29,482.07,1.7,47.1,120.6,5.944,60.0,1,1,2.473
soybeans,21.42,1165.6,99.0,10.6,114.3,4.074,99.64,1,0,0.924
cassava,38.99,576.35,8.7,130.7,12.6,9.693,71.15,1,0,2.99
wheat,38.63,384.33,0.8,88.8,106.6,6.605,19.32,1,0,1.242
soybeans,20.48,1386.5,130.6,38.9,164.6,6.315,92.91,1,1,0.564
maize,31.27,204.97,79.4,40.9,197.6,6.643,83.32,1,0,2.419
wheat,20.97,1020.8,97.6,134.4,181.4,5.374,53.14,1,1,1.923
rice,14.51,105.96,123.0,49.1,30.8,6.545,65.45,0,0,2.709
maize,39.88,1246.85,118.3,39.9,120.3,3.937,22.16,1,0,1.903
maize,33.17,338.14,0.8,119.2,146.4,8.239,80.33,0,0,1.279
rice,19.87,787.05,3.4,48.8,169.0,7.101,52.75,0,0,1.193
rice,13.52,1189.22,94.3,21.1,144.0,6.37,95.27,0,1,1.442
rice,38.37,642.94,92.7,70.1,131.1,6.422,30.22,1,1,2.961
rice,34.29,1058.73,107.2,66.8,148.3,6.012,32.17,1,1,1.579
maize,17.41,1296.49,23.6,124.6,7.6,6.827,80.17,1,1,1.851
maize,26.35,1477.77,131.2,11.0,38.0,4.356,76.43,1,0,2.006
maize,13.98,1299.92,129.2,73.2,126.3,8.471,29.04,1,0,1.887
cassava,10.78,869.81,13.5,121.8,155.5,6.493,50.91,1,0,3.47
maize,29.87,1140.15,113.7,137.4,67.6,9.08,25.33,1,1,2.582
maize,15.76,1016.69,87.3,89.3,103.0,6.936,42.76,1,0,2.37
cotton,38.27,933.64,109.6,99.2,104.5,8.17,84.87,0,0,1.102
soybeans,16.27,494.82,66.5,67.9,146.7,7.552,69.42,1,0,1.457
soybeans,32.59,1003.78,81.4,79.2,173.7,5.027,52.05,0,1,1.003
cotton,21.4,1157.0,99.9,97.8,6.3,4.424,33.2,0,0,1.004
soybeans,26.36,263.55,63.4,128.4,89.2,8.957,64.76,0,1,1.434
wheat,29.84,568.66,54.3,45.1,146.1,5.835,30.4,0,1,1.862
cassava,26.18,1289.15,11.4,123.1,63.7,7.757,17.45,1,1,3.599
soybeans,34.84,1024.38,135.9,40.7,102.2,6.758,34.57,1,0,0.705
cassava,33.07,557.96,52.1,106.4,105.0,7.209,75.31,1,0,5.468
soybeans,24.74,1315.08,99.7,86.2,22.8,8.011,28.31,1,0,0.689
cassava,12.29,1385.11,136.3,89.8,101.2,8.319,42.24,1,1,3.321
cassava,30.46,969.09,59.8,130.9,108.9,6.788,19.35,1,0,5.115
soybeans,23.81,871.38,20.9,70.7,171.2,3.601,37.47,0,0,1.567
rice,14.4,281.52,110.6,91.3,14.0,7.547,40.57,0,1,3.228
wheat,36.98,569.8,67.3,131.6,165.4,5.082,41.93,0,1,1.516
cotton,14.92,1277.62,18.5,9.9,84.0,9.866,23.49,0,1,0.797
cotton,31.64,678.36,111.1,97.6,87.1,6.776,97.18,1,1,1.228
cotton,14.25,706.75,3.1,67.3,202.7,7.856,79.34,0,0,0.782
maize,29.86,1231.66,108.9,111.5,42.5,4.075,74.11,0,0,2.003
cassava,29.08,1421.98,29.0,143.5,171.2,7.328,70.96,1,0,3.409
maize,10.42,991.6,93.6,116.8,191.6,3.631,27.23,1,0,2.337
cassava,22.88,984.49,131.2,20.1,24.9,9.043,57.55,1,0,3.091
cotton,30.42,642.23,78.4,63.2,182.7,6.636,84.82,1,1,1.565
wheat,15.58,757.59,109.6,120.8,177.8,7.202,88.56,1,1,2.321
rice,21.64,188.75,128.0,17.7,134.6,6.186,48.88,1,0,4.101
cotton,37.89,1089.9,81.0,37.2,8.1,8.015,33.87,1,0,1.52
cotton,11.7,933.4,77.6,96.7,184.1,9.027,98.34,1,1,1.108
soybeans,22.0,573.17,115.7,68.3,109.7,9.886,19.16,1,1,0.886
soybeans,39.57,1329.47,133.9,53.0,26.1,4.724,57.04,1,0,0.462
cotton,17.08,435.22,139.2,38.0,52.8,7.964,87.9,0,1,0.853
soybeans,34.26,1384.39,59.8,56.1,165.4,6.942,72.86,1,0,1.273
wheat,17.97,1189.51,134.0,131.2,28.0,5.902,45.33,0,0,1.366
maize,12.98,402.6,101.1,124.8,171.0,6.082,71.46,0,0,1.825
soybeans,28.85,1114.46,86.9,140.7,44.5,9.682,60.3,1,0,0.872
wheat,26.83,142.53,97.1,13.5,168.5,3.78,25.82,0,1,1.499
soybeans,11.74,813.45,75.5,125.5,24.5,5.063,48.96,1,1,1.339
rice,35.16,999.42,32.0,43.4,68.0,4.259,37.49,0,0,1.049
rice,19.4,477.91,102.7,127.0,43.5,4.135,91.21,0,1,2.948
cassava,32.41,385.43,46.8,10.0,171.3,9.022,68.41,0,0,7.03
maize,31.12,358.8,19.1,7.0,75.1,7.334,47.73,1,1,2.212
cotton,34.62,974.61,91.6,16.9,195.0,4.195,62.44,0,0,1.17
soybeans,37.8,96.71,64.8,48.9,138.0,8.958,44.99,1,1,1.153
cassava,37.38,1109.27,116.0,109.4,131.1,6.275,91.58,1,0,4.187
wheat,15.77,662.74,87.5,127.2,96.2,8.755,81.34,1,1,2.438
cotton,23.27,1213.69,129.8,141.4,184.7,5.563,96.78,1,1,1.412
cassava,14.7,834.18,13.8,49.6,110.5,9.653,47.65,0,0,2.488
soybeans,36.92,247.45,35.1,81.0,164.8,3.736,98.63,1,0,1.453
maize,25.22,59.26,40.2,91.4,201.2,7.607,36.34,1,1,1.989
wheat,14.97,779.82,91.3,11.3,63.3,8.761,58.74,0,0,1.618
rice,26.6,96.19,65.7,134.4,84.5,7.562,81.06,1,1,4.212
rice,32.69,737.53,31.6,91.3,13.1,5.62,54.3,0,1,1.691
wheat,28.7,632.7,117.3,72.5,185.2,6.814,70.79,1,0,2.53
soybeans,29.01,1326.19,124.3,139.1,178.5,3.514,46.7,1,0,0.52
soybeans,12.87,605.23,132.2,87.5,73.9,7.567,92.3,0,1,0.733
soybeans,33.28,1092.94,17.7,11.8,180.6,4.019,26.76,0,1,1.41
rice,20.0,763.3,80.2,38.4,163.8,6.662,42.73,0,0,2.054
rice,17.73,1333.14,80.8,36.0,58.8,8.72,17.8,1,0,1.388
maize,29.8,1234.97,77.7,79.2,53.4,4.105,91.16,1,1,2.501
soybeans,31.76,149.11,133.7,32.0,181.5,8.762,97.24,1,1,0.601
soybeans,22.44,229.94,58.8,32.2,88.1,5.998,77.5,1,1,1.633
cotton,19.87,734.08,39.1,5.8,48.1,8.05,80.3,0,0,1.046
maize,13.08,795.09,71.2,56.7,191.6,8.879,73.96,1,0,2.438
wheat,16.86,1336.84,90.6,83.5,106.3,7.726,78.92,1,1,1.782
maize,17.38,569.3,138.5,100.8,194.8,4.427,46.86,1,0,2.229
soybeans,29.32,938.64,100.7,95.0,108.9,7.932,52.66,0,0,0.985
cassava,20.4,1011.76,67.5,108.4,197.2,4.258,75.02,0,0,3.204
rice,25.3,717.84,126.1,135.2,81.7,6.696,91.08,1,0,2.091
maize,28.35,658.42,34.7,54.8,156.6,3.594,23.98,0,0,2.081
soybeans,30.91,1493.5,1.9,54.7,61.2,5.205,33.14,1,0,0.972
rice,24.08,583.18,14.1,48.3,137.7,7.828,38.62,1,0,2.068
rice,32.83,1479.74,25.3,112.2,72.8,4.642,50.24,1,0,1.1
cassava,36.08,732.5,136.2,15.6,5.7,5.974,65.69,1,0,3.582
cotton,19.06,589.13,23.1,34.3,136.4,6.82,33.88,1,0,0.982
maize,32.2,1381.21,39.2,125.2,63.4,9.42,78.84,1,0,1.788
rice,35.02,852.62,86.3,71.4,83.3,9.451,24.8,1,0,1.585
soybeans,39.8,240.78,6.9,102.2,171.4,9.001,72.35,1,1,1.25
wheat,19.4,357.95,17.6,57.9,113.2,3.973,65.93,1,1,1.661
cotton,36.55,550.55,52.4,125.5,108.1,6.98,88.03,1,1,1.187
maize,30.77,432.89,131.5,94.1,69.9,5.252,30.42,1,0,2.269
rice,36.24,1119.28,35.4,14.4,58.6,9.429,68.45,1,0,1.326
soybeans,29.28,714.12,121.1,134.6,9.8,3.835,96.45,0,1,0.73
cassava,37.18,571.76,8.8,89.1,30.0,8.678,69.19,1,1,3.821
soybeans,35.87,1288.69,3.1,90.3,78.6,6.202,85.56,0,1,1.084
wheat,28.67,659.15,122.7,78.3,12.2,4.95,52.76,1,0,1.78
maize,38.14,173.4,54.0,14.9,47.2,4.991,54.34,0,0,1.636
cassava,30.56,824.3,33.2,109.1,99.7,5.416,82.97,1,1,4.969
maize,31.54,1435.51,2.6,32.4,6.5,7.709,91.23,0,1,1.484
cotton,33.17,419.88,26.9,57.9,83.5,9.182,67.19,1,1,1.019
cotton,18.42,649.76,100.0,126.9,41.5,7.962,44.32,1,0,1.244
soybeans,27.69,1165.32,60.0,111.2,79.4,5.087,76.7,1,1,1.505
rice,29.92,668.56,124.5,123.3,110.1,7.995,89.97,1,0,2.113
rice,25.96,183.18,62.3,144.9,172.0,9.307,84.8,0,0,2.928
soybeans,11.57,1425.55,89.8,127.8,140.2,5.82,58.09,1,1,0.888
cotton,11.12,393.74,109.1,89.8,46.2,5.173,84.24,0,0,0.864
cassava,36.76,583.98,101.4,16.6,123.2,6.632,98.1,1,0,4.059
maize,39.74,236.17,14.6,106.4,120.7,5.282,20.83,0,1,1.67
rice,23.47,918.57,10.0,36.7,191.3,9.405,81.19,0,0,0.83
rice,25.8,132.79,15.5,35.7,97.9,6.316,82.77,1,0,2.877
soybeans,28.57,258.35,73.1,6.0,68.3,7.902,55.63,1,1,1.386
cotton,11.74,753.52,134.1,64.8,76.3,9.987,59.75,0,0,0.853
wheat,31.21,517.18,118.2,79.9,193.7,4.012,58.23,1,1,1.934
maize,17.95,80.37,11.5,140.5,64.1,8.5,67.72,0,0,1.289
wheat,20.93,298.78,83.1,114.0,67.5,3.668,32.43,1,1,2.036
cassava,39.9,1213.66,116.1,138.2,35.2,6.735,63.93,0,1,3.9
cassava,17.47,1411.84,113.3,119.9,44.0,4.431,16.24,0,1,3.51
wheat,27.65,746.18,80.0,83.3,66.4,4.133,91.12,1,1,1.949
soybeans,35.65,416.39,45.8,80.2,47.3,8.773,80.53,0,0,1.339
maize,38.08,1059.24,79.8,18.6,128.0,9.935,26.05,1,1,2.452
wheat,27.95,237.81,101.1,89.0,106.4,8.006,52.19,1,0,2.008
wheat,19.64,844.14,108.3,60.4,194.0,8.878,98.69,1,1,2.107
cotton,37.09,792.4,126.8,61.6,51.1,5.012,70.96,1,1,1.319
cotton,29.38,966.29,15.5,69.7,188.1,4.833,53.65,1,1,1.116
rice,38.28,1236.08,82.3,40.3,45.7,5.713,54.98,0,1,1.674
wheat,19.64,949.87,117.7,107.2,97.6,9.41,40.03,1,0,1.832
rice,27.86,1314.7,6.7,59.0,36.6,8.02,23.09,1,0,1.112
wheat,10.91,987.55,88.9,25.2,74.8,7.308,25.94,1,0,2.045
cassava,22.19,95.53,51.9,29.2,55.4,9.204,51.5,0,1,9.17
maize,23.75,1101.26,80.4,98.4,160.4,9.104,40.99,1,1,2.31
wheat,33.97,1461.07,25.4,130.3,116.4,9.584,29.14,1,0,0.984
wheat,25.03,1446.03,2.9,32.9,94.7,7.65,32.25,1,1,1.184
cotton,31.59,859.26,31.3,136.9,144.3,5.039,41.72,1,1,1.342
cassava,12.79,950.63,38.5,7.5,115.5,7.26,50.68,0,1,3.407
maize,33.62,494.33,5.6,87.4,84.5,9.83,60.8,0,1,1.678
cassava,35.31,912.5,109.8,109.9,119.3,5.529,78.14,0,1,3.579
cotton,30.78,409.09,25.9,37.3,57.7,4.996,70.63,0,0,0.827
wheat,36.5,1027.53,51.8,31.7,168.3,7.421,45.0,1,1,1.636
cotton,32.29,777.09,114.0,109.3,9.1,7.597,51.55,1,1,1.57
maize,36.79,140.56,123.7,67.8,107.1,7.573,93.67,0,0,1.737
cotton,13.67,837.08,110.7,33.2,102.0,7.448,27.78,1,0,1.181
cassava,37.49,612.51,70.5,51.0,137.6,9.968,16.19,1,0,3.593
rice,29.61,1172.21,113.9,74.1,46.1,8.292,74.18,0,1,1.441
cassava,28.31,296.49,126.7,33.1,202.9,3.548,36.66,0,0,5.842
wheat,21.65,1106.53,57.5,75.3,172.3,4.042,59.61,0,0,1.383
maize,25.45,283.98,11.7,7.7,38.1,9.291,34.77,0,0,1.472
soybeans,35.64,1411.87,81.2,38.2,84.7,8.429,69.98,0,0,0.836
wheat,39.48,884.95,136.3,8.8,150.6,8.808,18.57,1,1,1.789
cotton,13.16,442.71,9.4,6.2,36.7,9.223,34.63,1,1,0.886
soybeans,27.2,1476.58,40.7,116.2,103.1,3.759,79.62,0,1,1.076
rice,19.93,441.2,71.6,66.6,107.5,7.873,47.29,0,0,3.084
soybeans,33.2,1266.38,51.4,111.5,102.1,4.807,24.7,0,0,0.978
rice,38.16,1217.39,119.1,82.1,170.2,5.473,48.27,0,0,1.218
cassava,32.01,1403.67,29.3,144.2,159.7,8.223,45.05,1,1,4.934
rice,21.26,771.75,48.0,38.9,84.7,3.625,80.43,0,0,1.385
maize,30.76,714.0,31.7,91.0,55.6,7.255,44.89,1,1,2.102
rice,20.85,825.46,139.5,71.4,168.2,6.308,82.49,1,1,2.109
cassava,28.46,151.92,132.7,85.3,106.6,8.956,88.46,1,1,7.871
cassava,19.83,630.95,98.8,84.2,190.1,3.665,74.9,0,0,3.565
soybeans,31.39,446.58,17.0,82.8,70.4,6.376,69.64,1,1,2.426
rice,18.85,72.13,30.8,44.5,93.7,4.612,89.1,1,0,2.864
rice,32.72,379.15,31.0,27.6,79.4,9.006,85.2,0,1,2.445
wheat,34.78,994.72,23.7,115.4,105.8,6.833,45.14,1,0,1.366
wheat,35.23,659.63,121.5,78.6,99.1,8.17,32.39,1,0,1.798
cassava,22.82,1460.43,78.4,40.6,51.0,7.474,58.96,0,1,4.982
wheat,10.82,1000.28,84.4,8.8,29.5,7.301,92.42,1,0,1.7
cotton,20.75,1363.05,79.4,35.4,29.6,6.868,61.1,0,1,1.276
cotton,21.87,850.51,41.0,142.8,63.3,6.366,22.88,0,0,1.178
rice,25.93,124.94,22.2,118.8,31.5,5.017,52.99,1,1,2.96
cassava,13.44,924.76,52.6,54.4,170.4,3.562,82.62,1,1,3.707
soybeans,15.78,488.63,18.4,58.6,45.7,7.686,99.53,0,1,1.873
rice,37.25,201.5,100.8,101.2,24.2,9.497,62.89,0,1,3.595
cassava,17.91,1153.4,74.4,14.5,78.7,9.252,78.95,0,1,4.161
soybeans,15.67,1150.53,12.7,77.1,17.8,5.817,65.69,1,0,1.217
cotton,12.79,489.2,69.7,30.9,98.3,8.936,89.05,0,0,0.948
wheat,14.37,747.44,104.4,72.9,77.2,6.587,86.99,1,1,2.295
soybeans,34.58,239.51,24.3,52.7,86.7,5.767,79.67,0,0,1.429
cotton,12.02,718.29,6.5,46.2,122.4,5.513,72.94,1,0,0.864
soybeans,24.75,299.09,39.0,27.2,44.1,9.824,27.17,0,1,1.842
cassava,38.4,154.03,68.1,88.6,54.5,8.514,67.91,0,1,8.861
soybeans,25.8,1393.73,4.4,113.3,15.4,3.748,50.96,0,1,1.121
cassava,35.86,529.74,36.3,109.1,77.0,9.005,42.2,1,0,4.483
cotton,31.77,782.53,83.0,111.5,126.5,7.501,81.87,1,0,1.556
cotton,35.13,455.48,7.5,22.6,126.8,7.446,36.38,1,1,0.988
wheat,26.96,164.3,70.1,104.9,15.6,8.442,63.57,1,0,1.699
maize,15.02,201.62,89.1,103.9,11.3,9.585,18.47,1,1,2.204
cotton,11.98,990.52,135.1,82.3,106.4,5.569,36.08,0,0,0.891
cotton,27.59,417.63,114.5,12.7,144.8,6.354,76.89,1,1,1.158
rice,34.34,372.84,100.4,137.1,110.6,7.01,53.65,0,0,3.124
cotton,30.25,975.61,53.3,6.0,55.5,7.617,20.22,0,1,1.196
soybeans,32.12,235.8,71.7,44.1,37.2,6.271,25.27,1,0,1.458
soybeans,35.76,233.49,79.2,24.9,146.0,9.383,51.38,1,1,1.07
maize,25.32,941.94,127.5,76.4,105.3,3.827,17.0,1,0,2.185
soybeans,35.37,1371.29,114.9,22.9,204.6,5.181,76.28,1,0,0.58
soybeans,23.91,200.14,64.1,57.6,120.5,6.351,15.49,1,1,1.581
rice,26.52,1234.35,134.3,116.0,125.8,6.707,17.45,1,0,1.495
rice,19.48,665.51,43.3,44.3,199.4,4.497,77.07,0,1,2.009
wheat,29.6,857.88,9.0,92.0,167.8,9.951,16.55,1,0,1.289
cotton,32.38,244.42,44.0,21.6,96.0,7.088,32.16,0,1,1.03
wheat,11.57,744.09,103.6,76.9,19.4,6.361,74.97,0,0,1.577
rice,19.59,293.05,36.8,10.0,145.9,6.699,22.1,0,0,2.729
soybeans,28.1,1019.91,91.7,67.4,74.3,8.934,79.23,0,0,0.931
wheat,20.08,773.17,98.3,113.1,83.5,7.81,75.98,0,0,1.657
cassava,12.37,901.66,4.4,19.9,115.0,7.344,16.49,1,1,2.84
maize,16.06,1026.48,135.8,18.1,139.5,6.384,88.66,0,1,2.268
maize,15.56,164.51,33.5,116.2,11.9,7.288,99.61,1,1,1.956
cotton,23.83,1354.62,30.8,108.8,36.8,7.502,88.87,1,1,1.455
maize,14.88,913.06,21.1,140.5,94.3,6.76,35.21,1,1,2.322
wheat,18.48,904.02,20.1,61.6,11.6,4.908,20.44,0,1,1.6
maize,28.72,446.78,68.3,16.5,96.9,5.492,84.72,0,0,2.28
cotton,16.37,1120.72,132.8,6.9,93.1,7.711,74.35,0,1,0.972
maize,15.86,1097.56,39.3,8.4,134.1,4.651,94.88,1,1,2.079
rice,39.68,106.97,91.7,67.0,194.8,5.099,59.76,1,1,3.743
wheat,34.56,651.68,63.6,121.2,40.5,4.932,41.07,1,0,1.959
maize,37.89,1221.77,88.7,127.0,165.7,4.713,90.76,1,1,2.257
cotton,34.95,1488.08,87.2,114.1,113.6,5.184,44.51,1,0,1.099
cassava,38.62,453.92,62.1,130.8,140.5,7.517,74.68,1,1,7.901
rice,21.55,633.33,109.7,139.8,30.3,6.234,55.36,0,0,2.11
wheat,23.68,480.85,21.0,45.8,121.0,8.869,45.26,0,0,1.635
maize,10.94,430.28,83.3,12.2,104.3,7.379,42.74,1,0,2.375
maize,33.69,1005.13,69.7,82.8,148.8,4.985,99.68,1,1,2.48
cassava,26.46,440.46,139.9,87.6,141.2,7.936,86.69,0,0,5.034
cotton,13.76,1264.95,15.9,76.9,109.2,9.816,70.33,0,0,0.718
cassava,39.72,874.44,108.5,125.3,145.2,3.787,27.56,0,0,2.891
wheat,25.82,850.8,12.5,97.6,131.9,8.502,21.8,0,1,1.499
cassava,36.7,300.81,129.2,78.2,148.1,4.217,37.14,1,0,6.777
cassava,18.74,1454.82,44.7,18.1,146.5,8.271,38.55,0,0,3.735
rice,36.62,1346.2,47.0,91.1,190.4,9.753,57.77,1,0,1.065
cassava,15.65,146.53,26.4,62.5,28.6,4.584,52.34,0,0,7.532
soybeans,25.77,182.31,61.1,86.5,109.4,5.651,60.65,1,0,1.339
rice,16.65,440.76,34.0,143.8,44.5,7.241,93.57,0,1,2.692
soybeans,38.21,475.83,58.2,115.2,114.2,7.056,18.59,0,0,1.462
maize,38.23,230.3,122.5,140.9,40.4,8.193,17.46,1,1,2.459
rice,29.89,545.48,95.7,7.8,152.1,6.666,83.93,1,1,3.348
wheat,39.97,1172.31,67.8,6.4,144.5,6.031,68.44,1,0,1.353
maize,26.4,1332.49,77.6,79.8,44.1,4.58,92.82,0,0,1.737
cotton,13.18,371.95,70.5,121.3,34.5,7.06,75.17,1,1,1.068
cotton,13.21,685.3,18.4,143.3,71.6,7.305,81.03,1,1,1.058
cassava,26.96,377.63,128.5,31.8,164.0,9.783,76.53,1,1,6.339
cotton,27.63,888.34,76.1,52.4,146.3,8.872,43.78,0,0,1.151
soybeans,14.41,1159.88,104.2,131.5,6.7,4.908,85.14,1,1,0.71
soybeans,29.79,519.19,47.8,97.7,98.4,8.778,27.41,1,0,1.881
cassava,19.74,644.63,113.1,112.8,49.6,7.505,34.94,1,1,4.138
wheat,16.77,223.96,28.4,28.7,23.1,8.686,56.62,0,1,1.399
cassava,29.55,664.73,31.9,14.8,112.1,9.937,77.47,0,1,3.393
rice,19.26,238.97,27.9,87.3,17.8,9.106,96.69,0,0,2.54
cassava,31.38,986.22,25.9,33.9,55.2,4.663,70.52,1,1,4.142
wheat,10.74,1199.58,0.3,53.1,103.9,8.821,86.12,1,0,0.964
soybeans,18.62,909.11,41.7,12.8,5.5,4.157,82.13,1,0,1.498
wheat,33.8,71.01,123.3,138.6,120.0,8.4,58.1,0,1,1.586
wheat,35.1,1002.04,46.5,77.2,198.1,4.907,56.96,1,0,1.544
soybeans,20.92,1285.93,105.9,90.5,77.8,4.865,80.75,1,0,0.712
cassava,36.06,1329.97,62.3,76.1,88.2,6.421,90.98,1,0,5.05
rice,20.78,168.14,27.1,138.1,86.7,6.533,18.53,0,1,3.24
soybeans,21.25,1209.92,116.8,47.6,98.8,9.18,18.53,1,0,0.662
wheat,36.89,993.4,108.2,90.8,110.1,9.783,38.31,0,0,1.186
cotton,16.92,379.97,108.9,139.8,69.7,7.972,36.19,1,1,1.214
cassava,11.97,1145.63,23.0,132.9,78.6,7.859,33.38,0,1,3.495
wheat,19.2,727.29,129.8,104.5,192.4,7.79,14.61,0,1,2.075
maize,21.13,1482.09,5.6,126.4,120.7,6.351,76.37,1,1,1.575
maize,36.16,1401.57,79.1,102.5,189.5,8.097,27.12,1,1,2.191
cotton,19.47,936.85,18.6,40.4,13.4,3.972,34.93,0,0,0.772
rice,26.72,421.23,91.1,21.3,112.3,6.341,37.04,1,1,3.458
soybeans,31.37,595.03,129.9,18.2,79.2,8.108,33.43,1,0,0.784
cassava,23.34,1102.96,95.5,24.0,33.6,8.41,76.03,0,0,3.419
cotton,12.88,1490.86,105.4,66.3,128.6,4.069,56.6,1,1,1.146
cotton,35.8,139.1,30.6,130.0,29.3,7.593,32.36,1,0,0.901
soybeans,30.84,1092.8,78.8,141.4,142.8,9.318,74.15,1,0,1.178
cassava,14.11,342.75,57.1,62.2,68.5,4.466,14.38,1,1,10.431
soybeans,26.59,1296.07,14.2,53.6,112.7,8.773,32.61,1,0,1.483
wheat,29.98,556.58,42.6,95.1,91.5,8.692,79.4,0,1,1.505
cotton,21.62,216.26,117.9,74.7,30.5,4.25,27.69,1,1,1.041
maize,28.35,591.51,35.7,19.8,76.0,6.186,72.12,1,0,2.48
cassava,19.6,736.59,139.7,65.3,150.2,8.007,31.59,0,1,3.247
maize,21.68,381.87,83.6,134.9,190.8,5.722,59.38,0,1,2.445
cotton,29.46,1080.45,90.1,112.8,76.9,4.666,31.59,0,0,1.057
wheat,30.43,1424.0,79.1,60.6,58.7,9.571,72.66,1,0,1.316
cassava,31.88,394.47,47.9,84.4,62.0,5.957,84.14,0,0,6.631
soybeans,11.76,362.45,139.8,65.6,145.6,4.687,66.45,1,0,0.657
wheat,19.32,1218.68,63.9,26.0,92.7,4.787,47.81,1,0,1.606
cassava,28.17,235.64,139.5,113.2,180.4,6.193,57.18,1,0,8.814
cotton,24.61,56.68,91.0,64.1,73.3,4.112,32.95,0,1,0.777
wheat,33.46,1077.98,26.9,83.8,153.6,7.615,65.6,1,0,1.56
soybeans,32.25,1055.47,35.1,40.4,130.8,8.454,89.38,1,1,1.888
maize,26.77,515.69,30.8,54.1,79.5,3.947,45.78,1,1,2.572
cassava,34.44,663.52,126.5,72.7,119.8,6.697,77.06,1,0,3.976
cotton,21.31,495.84,116.3,135.9,179.7,6.896,90.04,1,0,0.966
cotton,39.23,443.09,98.4,135.0,142.3,7.927,33.24,1,1,1.319
cassava,39.16,1257.09,37.9,64.8,52.7,3.527,30.17,0,1,3.737
cassava,39.34,1243.28,61.0,80.1,60.9,4.56,55.46,1,1,4.667
maize,13.73,649.78,69.0,61.6,111.2,7.368,14.85,1,1,3.14
cotton,29.06,1402.77,83.4,125.0,177.6,6.872,43.88,1,0,1.325
cotton,14.65,159.21,89.7,119.1,155.5,8.811,71.26,1,0,0.843
rice,13.81,567.25,82.9,122.0,13.7,5.038,90.52,0,0,2.359
rice,23.51,339.1,43.1,10.9,131.7,5.115,40.16,1,0,3.487
cotton,10.1,459.06,75.4,30.0,186.6,7.709,55.1,1,0,0.938
maize,11.18,227.06,63.3,135.7,68.2,6.797,17.58,0,1,1.891
cassava,21.42,142.31,9.2,11.0,86.8,8.17,31.52,1,1,8.624
cassava,27.6,1006.52,2.5,38.9,91.2,5.658,90.04,1,1,4.004
cassava,30.91,564.27,124.2,141.6,116.6,7.177,39.59,1,0,4.231
maize,26.25,1453.7,9.3,95.8,19.8,5.941,83.13,1,1,1.887
rice,34.71,1292.69,58.1,17.5,92.6,5.0,39.04,1,0,1.325
cotton,20.41,1050.92,0.0,135.5,115.1,7.532,71.16,1,1,1.056
cotton,37.0,165.77,117.6,121.0,69.4,5.442,40.24,1,1,1.149
rice,14.91,1053.08,94.4,142.2,202.1,7.963,34.95,1,0,1.44
maize,14.76,1327.26,122.1,9.1,170.2,4.338,42.82,1,0,2.02
rice,20.79,1046.49,43.8,13.5,145.3,3.564,49.19,0,1,1.2
maize,25.22,1317.62,69.1,103.3,203.6,4.355,37.63,0,0,1.907
rice,16.83,455.42,17.8,94.5,20.0,4.372,69.45,0,1,2.268
cotton,10.68,847.33,43.3,75.5,116.7,5.061,61.89,1,0,0.891
wheat,30.15,359.27,47.5,76.8,132.6,7.029,54.68,1,0,2.189
soybeans,35.58,890.76,72.8,135.3,191.5,9.801,24.78,0,1,1.122
cotton,15.3,839.85,77.5,36.8,147.4,8.264,15.8,0,1,1.08
soybeans,30.86,1124.61,36.3,53.2,203.1,5.933,79.43,1,1,1.946
wheat,14.07,1229.65,130.1,32.9,7.2,5.651,16.62,1,0,1.592
rice,17.91,67.5,72.7,89.8,197.6,7.332,54.52,1,1,3.292
maize,31.89,1159.99,22.2,90.4,32.1,8.384,70.5,1,0,1.775
soybeans,36.07,651.53,74.9,7.8,36.7,7.671,75.66,1,0,1.169
rice,20.57,854.62,26.3,125.4,56.6,4.972,55.34,1,0,1.305
cotton,26.8,473.66,104.0,75.8,37.4,7.249,92.38,1,1,1.347
cassava,34.43,96.67,6.7,115.5,111.6,7.258,18.52,0,1,8.647
maize,23.38,446.76,139.6,64.7,95.3,4.564,82.35,1,0,2.692
rice,14.15,1015.36,73.5,94.5,72.6,9.395,64.51,0,0,1.267
cassava,26.26,296.81,3.1,52.2,178.1,3.783,50.89,1,1,7.065
maize,12.93,1042.14,61.6,22.1,104.0,3.724,92.2,0,1,1.998
maize,11.01,876.34,106.7,127.7,73.4,8.838,23.51,1,0,2.455
cassava,15.37,1012.36,138.7,120.3,154.1,4.852,89.35,1,1,3.56
maize,29.05,229.58,9.9,132.3,43.0,8.838,60.84,0,1,1.6
maize,18.14,1251.67,49.9,44.3,113.5,4.416,82.99,0,1,1.598
soybeans,18.78,302.82,110.8,138.8,87.7,9.691,84.85,1,1,0.955
rice,34.86,1243.19,26.4,103.2,63.1,5.434,39.49,1,0,1.402
maize,29.08,1374.27,85.8,127.3,149.8,4.284,91.61,0,1,1.719
soybeans,16.9,58.3,91.2,33.3,183.0,9.084,20.6,0,0,0.695
maize,25.34,763.87,80.8,126.2,201.1,6.149,85.17,1,1,3.457
cotton,29.36,263.06,47.9,132.3,187.3,7.24,74.4,1,1,1.254
soybeans,31.05,1146.68,109.2,71.9,91.0,3.572,93.68,1,0,0.719
wheat,36.58,1046.46,123.3,52.1,59.4,9.033,47.89,1,0,1.375
cassava,30.85,1235.51,76.2,9.5,128.8,3.86,67.01,1,0,3.993
cassava,26.28,590.01,110.6,10.5,91.4,5.985,69.69,1,1,3.974
wheat,27.22,96.12,76.0,117.8,60.2,9.333,34.32,0,0,1.361
wheat,22.92,1315.52,117.1,136.8,66.6,6.016,15.61,1,0,1.698
wheat,29.69,788.82,33.2,134.1,15.8,7.978,67.43,1,0,1.669
cassava,34.25,912.92,76.7,134.7,112.2,6.847,17.61,0,0,3.461
wheat,34.9,1491.97,60.0,127.4,196.5,4.624,55.23,0,1,1.054
cassava,20.08,1272.73,3.8,37.2,186.0,7.659,33.51,0,1,2.72
cassava,21.41,131.95,94.9,50.9,98.6,7.931,92.41,1,0,10.842
soybeans,24.43,116.49,1.0,143.3,136.8,5.875,54.46,0,0,0.892
cassava,27.24,171.31,38.3,46.7,117.1,5.177,20.27,1,0,11.497
rice,32.5,1055.43,138.7,43.9,104.6,5.642,51.89,1,1,1.538
cotton,15.51,1357.43,70.9,14.4,33.3,5.508,17.75,0,0,1.058
soybeans,30.98,811.5,116.9,9.6,58.7,6.553,20.59,1,0,0.871
maize,35.54,767.96,67.3,87.9,169.9,5.761,72.31,1,0,2.631
cotton,30.49,1036.4,89.2,75.0,108.9,7.632,73.36,1,1,1.41
soybeans,33.21,816.59,129.9,65.0,179.0,6.418,98.22,1,0,0.749
cotton,18.79,430.52,81.2,103.9,11.6,7.188,28.66,0,1,1.29
maize,36.7,551.52,21.6,8.6,134.2,7.64,43.29,0,0,1.929
maize,37.88,857.31,80.0,44.2,158.9,4.716,41.84,1,1,2.592
wheat,33.06,1300.26,114.9,63.3,151.1,5.371,18.78,1,1,1.501
cotton,29.56,87.82,76.8,88.3,46.5,4.854,37.75,1,1,1.024
cotton,23.45,579.02,137.6,121.9,100.9,9.215,43.9,1,0,1.066
rice,13.42,983.67,116.8,85.8,134.3,6.479,59.47,0,1,1.305
maize,20.52,98.14,11.0,60.6,31.5,7.189,73.29,1,0,1.609
cotton,16.46,1297.3,62.4,102.4,135.6,5.579,34.91,0,1,1.091
soybeans,31.38,1328.88,52.0,15.5,196.7,6.328,67.6,1,1,1.571
cotton,27.33,498.13,104.3,11.7,14.2,8.771,51.35,0,1,1.068
cassava,36.81,421.39,58.9,121.8,159.2,8.79,58.58,1,0,7.253
cotton,19.33,689.28,50.4,95.8,99.0,9.762,44.3,1,0,1.407
cotton,14.68,355.39,36.4,133.8,156.9,7.094,35.68,0,1,0.852
cotton,33.99,224.37,17.5,137.7,168.9,7.091,89.25,1,1,0.957
maize,39.32,401.41,92.9,122.5,115.1,4.495,76.62,1,1,2.142
cassava,14.96,991.32,34.2,131.5,24.9,7.765,82.03,0,1,3.448
wheat,17.07,432.79,17.9,119.7,87.4,5.761,98.4,1,1,2.007
wheat,31.94,445.35,80.1,38.9,172.8,6.624,69.29,1,1,2.191
cotton,13.27,1042.09,20.0,98.5,134.6,8.767,26.0,1,1,1.069
cassava,27.16,1096.13,77.0,115.1,61.5,4.695,18.64,1,1,5.235
rice,25.83,800.32,129.4,81.9,121.6,6.111,95.62,1,0,1.8
cassava,31.12,1009.65,9.6,55.7,192.1,9.107,38.56,0,0,3.119
soybeans,36.76,94.64,104.8,111.2,195.6,3.852,65.33,1,0,0.683
soybeans,37.86,905.93,88.2,123.4,64.4,5.803,91.91,1,1,1.177
rice,35.77,381.12,30.8,33.2,189.5,9.042,80.64,0,1,2.27
soybeans,12.54,723.58,104.7,36.0,49.0,9.657,96.06,1,1,0.988
cotton,14.52,1415.33,86.9,123.6,54.3,8.306,81.17,0,0,0.954
maize,22.07,1332.65,125.4,132.3,67.8,7.992,37.36,0,0,1.763
cotton,27.85,1498.05,132.2,5.4,164.1,5.798,19.47,0,0,1.047
maize,26.28,465.48,82.7,9.3,12.5,8.847,44.98,0,1,2.374
maize,29.07,566.14,20.8,88.5,167.9,5.984,25.38,0,0,1.773
rice,25.78,1047.27,38.3,108.1,15.3,3.82,47.22,0,0,1.022
rice,17.71,745.21,51.4,132.9,78.7,5.927,46.98,1,1,2.036
maize,33.51,624.99,87.1,125.7,194.9,4.456,93.69,1,0,2.133
rice,32.65,1435.0,33.6,50.3,41.8,7.25,27.32,0,1,1.051
maize,18.12,408.96,8.8,69.3,151.5,7.444,71.87,0,1,1.876
wheat,31.09,993.67,12.7,85.8,34.5,5.14,53.49,0,1,1.301
soybeans,16.14,487.07,28.1,113.4,147.5,7.627,47.3,1,1,2.002
wheat,23.3,762.0,93.8,36.0,82.2,7.561,16.48,1,1,2.445
rice,35.7,624.28,27.9,64.5,82.1,9.45,79.53,1,1,2.023
cotton,29.14,1045.8,8.2,63.6,121.8,3.929,25.62,1,1,0.959
soybeans,38.59,458.65,53.5,17.8,27.5,8.224,95.21,1,1,1.661
soybeans,22.24,1072.3,31.8,116.3,131.2,7.319,44.41,1,1,1.895
maize,15.38,1072.45,63.7,98.5,172.5,4.603,15.65,1,1,2.485
maize,28.6,452.2,26.3,69.9,75.7,7.294,20.69,1,1,2.612
maize,16.61,320.34,109.1,54.0,16.6,9.799,90.01,1,1,2.287
soybeans,18.22,240.42,114.7,144.5,70.9,5.981,67.15,1,0,0.812
soybeans,19.67,685.1,43.0,142.9,167.8,4.57,14.48,0,0,1.636
cotton,20.11,974.16,75.0,88.4,99.4,5.305,95.94,0,1,1.223
cassava,38.25,1433.16,123.5,83.9,134.4,9.153,80.73,1,1,3.088
cassava,10.99,479.45,121.9,7.6,114.1,8.231,67.48,1,1,5.181
soybeans,16.42,677.63,27.7,81.8,28.2,3.65,18.4,1,0,1.612
cassava,36.03,462.02,109.6,98.9,124.6,4.749,32.98,0,0,5.542
rice,35.9,252.2,79.7,126.5,121.6,8.167,46.0,0,0,3.42
soybeans,13.26,1198.01,23.9,10.1,42.1,8.473,48.84,1,1,1.533
wheat,25.73,1092.57,5.7,83.9,29.3,5.549,70.9,0,0,0.993
rice,22.08,1384.06,91.0,17.7,194.6,5.181,43.0,1,0,1.528
soybeans,30.74,522.46,110.0,131.1,48.7,7.566,47.72,1,0,1.019
cotton,28.46,910.74,127.7,68.3,50.1,4.552,48.4,1,0,1.228
maize,21.11,752.56,86.6,56.6,97.5,8.359,17.15,0,1,2.596
wheat,14.63,293.28,138.5,68.4,30.2,4.896,37.08,1,0,2.227
rice,24.49,653.3,136.9,33.1,48.1,5.397,28.86,0,1,2.265
maize,22.56,605.55,72.6,11.6,38.3,8.297,21.12,1,0,2.318
rice,28.84,449.03,127.3,93.7,19.4,9.409,96.37,0,1,2.512
cassava,26.04,1177.19,81.3,45.1,151.8,7.329,15.09,1,1,5.373
maize,19.97,1055.75,108.0,96.7,35.3,9.193,60.36,0,0,2.16
cassava,13.14,1439.53,119.7,16.0,149.0,5.759,99.56,0,0,2.993
maize,17.96,936.62,95.0,49.5,174.6,9.657,90.1,1,0,2.38
rice,36.71,606.73,103.2,71.6,29.5,9.532,53.05,1,0,2.565
cassava,12.47,565.69,60.8,41.5,39.5,4.403,45.51,1,0,4.437
cassava,16.01,125.44,61.4,117.9,122.2,7.441,31.25,0,1,10.592
cotton,25.26,452.69,42.4,36.3,34.0,4.699,19.43,1,1,1.275
rice,17.6,1413.78,126.8,84.4,75.9,5.977,49.42,1,0,1.508
cotton,31.7,880.0,68.1,102.7,84.2,4.32,56.04,1,0,1.16
wheat,35.64,83.21,79.2,10.0,22.0,8.083,77.26,1,0,1.471
maize,12.18,1241.7,98.9,16.4,22.0,9.913,46.19,0,1,1.678
cotton,28.84,227.97,72.0,142.9,52.1,8.195,51.41,1,0,1.261
maize,37.45,822.89,22.1,102.4,163.7,5.559,87.72,1,0,1.95
soybeans,20.27,436.66,137.9,132.6,10.8,8.51,23.49,0,0,0.662
cotton,32.44,304.04,59.4,21.1,32.7,7.513,66.24,0,0,0.977
maize,11.9,1485.44,45.1,118.4,55.9,7.93,79.38,1,0,1.344
cassava,22.22,513.52,64.9,25.6,76.4,9.075,17.26,0,0,4.839
cotton,17.32,324.77,121.3,106.5,47.6,7.498,52.49,0,1,1.041
cotton,28.07,1464.68,131.3,64.9,149.7,8.891,91.3,0,0,0.944
maize,34.17,898.76,121.6,33.8,27.4,5.253,18.91,1,1,2.805
rice,17.23,1407.38,72.8,56.1,179.7,6.067,42.81,0,0,1.425
cotton,38.16,65.82,0.8,75.7,102.6,4.562,56.53,1,1,0.65
cotton,11.76,817.72,6.3,9.1,127.6,5.472,77.86,1,0,0.842
rice,38.11,288.56,32.7,41.9,12.6,4.3,98.83,0,0,2.685
rice,13.85,992.77,137.5,132.7,92.8,3.76,45.16,1,1,1.428
soybeans,25.72,782.33,73.5,141.4,187.3,4.551,45.72,1,0,1.382
cotton,34.51,741.32,109.8,135.2,151.5,8.545,19.78,0,1,1.313
maize,12.05,87.43,18.9,139.8,114.9,9.778,51.19,0,1,1.139
maize,11.51,155.71,56.4,46.3,51.5,5.327,83.1,1,0,1.73
soybeans,36.66,707.05,44.1,136.8,174.9,8.984,58.06,1,0,1.837
cotton,37.02,849.89,35.8,66.0,108.3,4.129,77.96,0,0,0.758
maize,21.81,239.54,94.0,107.1,120.0,4.844,57.38,0,0,2.212
soybeans,39.12,1191.3,134.8,104.0,21.0,6.112,69.61,0,0,0.546
cotton,34.08,479.51,13.6,77.8,110.8,8.682,97.28,0,1,0.705
soybeans,39.16,574.14,55.2,33.3,19.1,8.523,35.47,1,1,1.9
wheat,27.98,1357.8,81.0,95.9,160.3,5.186,85.14,1,0,1.289
cotton,15.96,55.03,121.9,50.7,87.9,6.401,86.95,0,1,0.83
maize,13.99,280.17,132.9,128.1,186.4,9.945,31.92,0,1,1.451
cotton,31.88,859.31,82.7,80.5,146.4,6.223,71.55,0,0,1.152
rice,17.03,78.49,123.1,140.2,73.3,5.7,14.61,1,1,2.941
wheat,38.3,1258.28,95.3,132.7,32.8,4.646,35.69,0,0,1.089
wheat,18.29,1259.13,20.7,91.3,196.0,8.968,19.32,0,0,1.163
cassava,30.55,1071.18,50.1,128.4,133.8,8.135,37.85,0,1,4.14
rice,21.49,1310.19,79.6,66.5,18.4,6.52,84.58,1,1,1.621
maize,24.78,691.06,46.8,60.2,111.0,4.549,63.19,1,1,2.554
maize,37.0,218.4,133.8,49.0,182.7,7.419,85.1,1,0,2.047
wheat,23.49,1312.67,123.0,53.1,23.3,4.589,45.56,1,1,1.365
cassava,10.08,593.84,15.6,63.3,163.0,6.352,51.15,1,1,3.352
maize,11.87,263.59,1.1,93.3,94.5,4.373,96.38,1,0,1.483
rice,13.41,645.89,90.7,104.7,40.7,4.017,94.87,0,1,2.148
cotton,13.52,654.52,50.5,30.6,183.9,4.463,68.67,1,1,0.935
maize,14.0,428.93,58.7,88.9,107.7,5.373,14.56,1,0,2.693
rice,29.14,514.82,13.1,64.8,30.8,9.66,54.86,0,1,2.168
maize,24.29,377.74,89.7,142.1,125.7,5.826,69.71,0,1,2.677
cotton,39.28,1250.31,139.8,87.4,45.9,6.774,75.16,1,0,1.303
cassava,19.07,147.42,35.4,32.7,113.4,7.411,66.34,0,0,8.745
cotton,22.43,554.66,33.0,69.1,142.3,8.323,80.98,0,1,1.024
cotton,33.21,1027.97,41.2,79.0,173.0,3.943,20.73,1,1,1.045
wheat,17.05,947.54,2.5,93.9,138.1,5.055,65.44,1,0,1.382
wheat,18.33,1065.66,57.6,49.3,192.8,5.208,48.25,0,0,1.273
wheat,15.57,1186.83,18.1,133.1,122.5,3.68,96.82,0,0,0.905
maize,35.38,315.08,133.9,57.7,72.8,3.906,55.81,0,0,1.976
soybeans,20.28,377.67,89.5,69.0,85.0,7.354,56.25,0,1,1.071
rice,24.4,591.15,69.1,86.1,42.8,9.356,71.98,1,0,2.274
cotton,20.32,1374.77,21.6,13.0,101.5,4.729,94.62,0,0,0.837
wheat,24.42,482.77,58.4,98.1,47.0,5.82,81.3,1,0,2.472
cotton,17.73,1050.28,43.3,123.2,48.5,3.596,37.09,0,1,1.028
cassava,30.56,649.56,50.6,108.3,153.2,7.446,39.07,1,1,5.084
soybeans,38.8,104.79,136.9,5.7,179.7,5.498,94.72,0,1,0.537
maize,12.56,1495.47,70.3,88.4,18.4,8.375,32.05,1,0,2.064
cotton,33.13,204.59,32.2,6.2,198.7,7.349,75.91,1,0,0.86
soybeans,30.49,414.06,70.0,109.5,117.5,4.041,29.96,0,0,1.24
cassava,10.81,1079.65,123.9,76.9,121.2,4.559,32.98,0,0,2.944
cassava,12.5,471.52,76.1,43.6,49.2,6.928,28.6,1,0,5.275
cotton,22.71,1012.64,9.9,51.7,8.6,8.372,69.1,0,1,0.954
maize,30.52,86.76,96.6,49.3,16.1,7.464,34.71,0,0,1.951
rice,18.37,637.2,139.8,12.7,120.7,4.037,27.29,1,1,2.432
maize,26.21,1284.17,134.1,84.2,107.9,4.053,61.2,0,1,1.756
maize,16.94,1309.19,129.7,63.7,15.1,3.756,63.36,0,0,1.659
wheat,28.68,848.52,125.8,128.3,35.2,4.031,39.33,1,0,1.818
cotton,22.75,440.55,120.7,88.6,123.3,7.47,75.82,0,0,0.952
cassava,16.46,814.69,33.7,111.4,117.9,9.064,90.93,1,1,3.985
wheat,31.32,1406.25,131.9,82.2,104.1,5.68,75.54,1,1,1.555
rice,20.07,1159.4,60.6,72.8,134.6,3.619,70.24,1,0,1.364
soybeans,16.53,524.44,88.0,29.2,56.7,6.542,34.04,1,1,1.47
maize,16.34,524.87,16.8,129.7,123.7,7.914,81.87,1,0,2.37
rice,17.54,301.68,134.1,124.6,51.1,5.629,32.05,1,0,3.551
wheat,35.34,465.09,33.9,100.4,44.0,7.659,22.12,1,1,1.748
cotton,34.52,611.99,84.4,34.4,88.3,9.53,62.71,1,1,1.359
soybeans,39.2,1345.05,47.9,144.7,5.7,3.68,84.85,0,0,0.95
maize,27.16,793.37,41.1,135.4,84.4,4.066,67.07,0,0,1.854
cotton,13.22,446.23,56.3,109.9,19.6,7.787,75.58,1,1,1.279
maize,10.98,739.61,57.1,27.6,136.3,9.812,62.35,1,0,2.311
cassava,26.06,73.83,35.2,134.0,190.2,8.693,98.43,1,0,9.377
wheat,17.53,1039.31,54.0,93.6,112.3,7.069,35.38,1,0,2.101
wheat,16.44,843.34,95.0,12.4,17.0,8.597,87.92,1,0,2.135
wheat,11.33,1183.98,53.3,18.4,118.6,5.321,70.72,1,1,1.634
wheat,39.29,511.91,74.5,7.7,182.0,8.627,30.81,1,0,1.955
maize,25.26,1365.97,34.9,62.5,156.1,4.987,20.62,0,0,1.698
cassava,30.68,1359.32,22.9,17.1,152.6,5.276,67.65,1,0,4.028
cassava,32.37,320.43,33.0,116.0,23.7,6.344,15.98,0,1,9.734
rice,16.23,780.9,76.3,44.7,194.7,8.976,76.12,0,0,1.393
maize,29.99,1450.77,106.5,138.1,145.5,5.437,23.06,1,1,2.193
cassava,31.68,1041.77,134.9,35.1,115.3,7.411,99.88,0,1,3.814
maize,18.05,573.56,57.2,100.2,16.3,3.725,47.7,1,0,2.247
cassava,11.14,1093.26,39.2,105.0,116.0,4.207,94.16,1,1,3.996
rice,18.4,203.64,15.7,45.8,127.8,8.728,91.34,1,0,2.765
cotton,33.54,996.6,60.7,20.7,146.9,9.953,77.36,0,0,1.249
cotton,28.21,450.3,59.8,72.8,142.4,8.528,77.45,0,1,0.891
soybeans,27.45,238.77,135.4,118.6,26.9,4.291,65.12,0,0,0.464
cassava,35.49,524.41,47.5,130.4,90.2,8.633,34.35,1,1,5.875
rice,15.3,891.33,126.6,49.8,139.1,4.721,67.73,0,0,1.057
maize,18.8,526.56,94.2,110.3,163.3,8.633,21.84,1,0,2.187
rice,25.42,1252.31,62.1,84.9,110.4,3.748,66.91,1,0,1.535
rice,21.55,1417.33,85.5,121.9,147.1,4.231,77.29,0,1,1.363
wheat,34.86,645.37,92.1,57.1,144.1,5.153,15.89,1,0,1.88
soybeans,23.65,1134.26,39.4,7.8,113.2,9.718,47.65,1,1,1.565
soybeans,35.74,1118.29,30.2,60.9,106.6,8.766,86.16,1,1,1.497
soybeans,39.72,734.81,77.5,79.2,69.3,3.988,91.03,1,0,1.305
maize,21.43,1222.19,115.3,58.8,96.8,5.471,94.2,0,1,2.336
rice,15.39,888.2,134.1,75.4,21.6,7.53,43.26,1,0,1.183
maize,21.39,1212.1,54.9,110.1,30.1,8.523,34.38,1,1,2.165
rice,30.31,1318.03,104.9,136.4,15.8,3.579,70.88,0,0,1.138
soybeans,34.41,946.97,117.3,77.2,80.4,9.492,17.12,1,0,0.635
soybeans,18.72,941.42,126.4,139.7,135.7,8.948,59.17,0,1,0.584
maize,33.89,1122.23,90.4,26.8,114.4,4.068,46.45,1,0,2.188
soybeans,19.2,1444.29,81.0,143.3,79.5,6.475,41.91,0,0,0.753
wheat,34.83,1304.0,79.8,95.5,116.4,8.606,61.39,0,1,1.365
cassava,16.64,333.95,18.3,135.8,33.8,4.829,35.18,1,1,6.821
soybeans,29.8,800.59,23.4,142.0,80.0,4.195,56.47,1,1,2.213
cotton,19.38,238.74,115.7,5.3,171.4,5.205,90.09,1,1,1.003
cassava,20.84,840.07,68.3,58.4,148.8,9.245,14.45,1,1,3.925
wheat,31.87,62.33,30.9,73.9,89.0,9.471,44.94,1,0,1.16
soybeans,20.57,301.63,52.3,63.5,65.1,7.768,93.02,1,0,1.729
cassava,39.88,919.77,4.6,16.4,101.3,6.14,66.13,1,1,3.507
soybeans,16.75,645.63,122.8,78.9,71.8,4.851,82.83,1,0,0.703
wheat,35.06,649.05,86.3,21.4,82.3,8.27,67.55,1,0,1.861
maize,21.97,129.4,46.9,117.4,5.9,5.668,48.24,1,1,2.229
soybeans,32.71,838.65,122.8,81.1,52.7,9.032,61.92,0,1,0.715
rice,23.42,1195.3,86.6,20.8,36.3,6.341,48.13,1,1,1.609
cassava,10.36,467.83,1.3,37.2,88.9,4.289,22.97,1,1,4.072
cotton,25.52,1043.56,128.1,80.8,105.6,5.389,40.25,1,0,0.993
wheat,35.74,1112.07,53.0,51.0,101.0,9.136,35.68,0,1,1.369
cotton,37.46,177.25,120.6,116.0,68.1,5.809,18.0,0,0,0.799
maize,37.27,310.54,33.3,141.0,41.2,9.054,56.34,0,1,1.607
soybeans,37.04,180.32,18.5,74.4,26.3,5.746,26.76,1,1,1.817
rice,20.12,1091.01,104.0,12.1,49.2,5.283,61.09,0,0,1.309
rice,19.67,935.07,131.5,99.0,19.9,6.494,90.61,0,1,1.367
rice,19.9,1445.17,126.2,42.9,165.7,9.971,35.73,1,1,1.408
cassava,32.15,632.53,9.9,112.5,19.3,9.494,18.38,1,1,3.861
soybeans,18.88,404.97,30.5,24.1,115.3,7.435,74.67,1,0,2.127
rice,30.3,576.94,131.3,43.6,71.4,8.055,79.82,1,0,2.648
wheat,38.1,1115.98,80.8,27.8,34.9,6.764,76.67,1,0,1.493
cotton,33.69,331.12,102.7,75.3,154.2,6.714,25.0,1,0,1.175
cassava,31.68,1443.28,56.7,8.5,125.6,5.383,51.23,1,0,3.581
cassava,28.79,240.28,123.5,121.0,135.4,6.48,94.23,1,0,9.462
soybeans,21.66,222.7,11.3,26.9,55.0,6.675,74.33,1,0,1.844
rice,16.96,1207.02,78.8,5.8,90.9,6.151,23.8,1,1,1.813
rice,37.48,467.5,26.0,96.2,147.5,7.972,41.46,0,1,2.382
wheat,29.14,715.97,135.0,35.7,122.6,8.051,85.0,1,1,2.091
cassava,22.73,764.01,119.9,78.2,77.5,5.11,49.15,1,1,4.274
wheat,36.31,931.38,114.1,78.0,124.9,8.056,92.09,0,0,1.443
wheat,11.52,799.61,48.6,81.0,194.3,4.432,14.17,0,0,1.473
wheat,32.01,499.26,28.1,118.1,166.1,6.734,59.29,1,1,1.992
rice,21.37,489.01,64.3,119.5,191.0,7.043,70.89,1,0,3.254
maize,21.28,621.99,64.3,114.9,183.4,9.71,81.67,0,1,1.995
maize,35.75,672.04,105.1,110.6,25.6,9.367,57.45,1,0,2.388
wheat,17.16,499.87,44.3,117.8,24.8,6.462,50.77,0,0,1.733
rice,17.02,122.18,37.6,96.6,111.7,9.636,48.08,1,0,2.768
maize,15.15,444.85,2.6,133.0,28.6,7.247,37.57,1,1,1.916
wheat,20.66,807.09,74.2,101.2,49.9,7.782,80.96,1,0,2.225
soybeans,18.54,1372.04,105.1,13.9,147.9,6.927,91.47,0,1,0.632
wheat,22.99,83.84,8.4,99.9,79.4,9.143,77.15,0,1,1.127
cassava,32.72,123.39,77.5,46.3,31.7,8.517,32.7,0,0,9.022
soybeans,13.6,821.36,50.0,115.9,156.6,9.419,15.28,1,1,1.819
soybeans,15.6,337.68,66.1,73.8,8.7,4.462,46.52,1,0,1.49
maize,19.04,917.62,41.6,47.0,153.6,3.813,91.65,1,1,2.454
rice,23.71,738.91,54.0,140.3,144.4,4.041,88.21,1,0,1.546
cassava,16.47,636.14,108.7,138.5,20.8,6.981,40.88,0,1,3.696
maize,12.39,1040.52,130.6,85.6,30.2,7.281,79.91,1,1,2.131
wheat,19.87,434.45,129.6,45.7,92.3,5.777,21.41,0,0,1.807
cassava,24.51,1492.83,94.3,14.6,28.5,9.455,68.18,1,1,4.05
soybeans,34.51,1378.19,41.7,138.0,35.3,4.033,51.12,1,0,1.302
cassava,18.73,237.81,118.0,109.6,45.3,5.719,97.13,1,1,9.708
cotton,15.63,1163.05,31.2,140.7,132.2,8.001,32.73,1,1,1.185
wheat,18.97,891.59,38.0,64.5,46.5,7.615,50.6,0,0,1.489
cotton,28.39,1143.92,32.5,28.4,156.9,5.742,25.62,0,0,1.073
cassava,13.4,127.45,85.2,105.1,79.6,7.918,75.31,1,0,9.557
soybeans,35.2,1219.74,2.3,31.2,136.0,5.942,98.49,1,1,1.253
soybeans,25.75,919.48,79.3,96.6,66.5,4.322,79.43,1,0,1.207
cotton,22.01,1380.7,50.3,124.9,185.6,6.747,52.44,1,1,1.131
wheat,15.71,443.84,41.4,76.1,31.8,6.005,29.67,0,1,2.084
cassava,13.1,822.91,13.7,115.7,118.3,8.206,49.99,0,0,2.979
soybeans,10.34,669.8,57.4,143.4,99.0,5.167,90.65,1,1,1.592
cassava,23.57,235.12,112.4,84.2,185.3,6.721,94.96,1,1,10.19
rice,16.33,778.09,2.8,40.4,108.5,3.597,36.75,1,1,1.407
rice,17.11,698.55,10.1,138.6,49.7,9.495,50.63,1,1,1.733
maize,25.16,1447.83,53.8,10.5,11.2,6.022,27.76,0,1,1.606
rice,12.54,222.94,31.4,75.0,173.1,8.058,81.86,0,0,2.187
wheat,25.69,379.14,87.5,137.3,21.4,4.211,86.57,0,0,1.712
soybeans,33.68,238.78,11.4,7.9,130.7,7.593,98.87,0,0,1.378
wheat,23.57,599.91,136.3,21.3,102.3,6.155,22.44,0,0,1.986
cotton,35.66,290.98,126.1,89.3,11.4,7.615,95.82,0,1,1.061
soybeans,39.16,257.04,14.2,20.7,119.6,8.576,45.53,1,0,1.434
soybeans,36.19,1302.25,52.0,34.2,160.0,6.315,30.52,1,0,1.126
cotton,20.5,496.15,29.4,29.2,133.1,9.476,57.76,0,0,0.741
soybeans,13.84,502.99,72.0,87.4,163.0,7.766,66.35,1,0,1.507
soybeans,13.21,618.01,82.5,43.6,40.0,8.536,95.42,0,0,1.017
soybeans,11.52,1344.14,31.8,82.5,133.9,4.596,97.96,1,0,1.229
cotton,23.1,1444.98,51.1,58.4,135.7,6.225,95.81,1,1,1.314
rice,33.53,1156.76,101.2,33.6,72.6,6.554,42.45,1,0,1.567
maize,32.15,1323.85,56.6,50.8,138.5,8.751,79.56,1,0,2.126
wheat,24.56,519.47,119.0,104.1,178.9,3.802,75.99,1,1,2.813
rice,17.56,708.54,54.0,142.5,83.2,4.02,21.73,1,1,1.825
rice,12.36,814.6,56.4,87.4,22.8,6.301,29.03,1,1,1.77
wheat,14.41,1465.88,30.1,135.9,46.1,9.553,70.3,0,1,0.974
maize,11.97,380.94,34.5,72.8,154.5,6.58,18.97,1,1,2.234
maize,14.5,382.41,101.1,105.8,133.2,8.011,60.67,0,0,1.967
maize,13.09,232.64,137.1,99.3,174.4,5.608,72.18,1,1,2.184
wheat,25.03,986.98,84.0,104.9,16.4,6.283,34.52,1,1,2.087
cotton,36.63,426.24,118.9,32.3,87.7,7.129,75.39,0,0,0.858
wheat,33.74,533.03,25.3,44.1,71.5,7.12,17.99,1,0,1.684
maize,30.48,884.27,60.1,43.6,158.7,4.971,73.54,0,1,2.195
soybeans,16.5,899.0,48.7,97.0,8.1,3.918,22.57,1,1,1.479
wheat,16.92,120.21,98.5,141.9,94.3,5.187,27.47,0,0,1.741
cassava,15.79,1498.3,27.4,90.5,89.0,9.256,78.94,1,0,3.391
rice,13.41,55.68,139.9,117.3,162.3,6.813,39.81,0,0,2.279
cotton,16.56,1149.75,12.2,73.5,7.0,9.797,78.63,0,0,0.848
soybeans,26.09,1261.28,86.2,93.7,113.2,9.527,94.14,1,0,0.818
cassava,14.25,728.21,50.0,82.1,146.3,7.951,58.33,1,0,3.673
rice,29.35,1284.65,85.3,124.4,57.9,6.877,52.75,0,1,1.661
wheat,16.86,459.72,25.3,98.5,121.0,7.715,43.56,1,0,1.774
cotton,28.54,1040.32,53.8,126.7,37.5,9.245,43.44,0,1,1.333
cassava,35.63,902.56,38.8,60.7,141.1,9.29,17.53,0,0,3.335
maize,35.35,83.74,114.0,44.5,28.6,8.029,68.09,1,1,2.039
wheat,39.48,1281.46,102.8,129.4,152.1,9.372,18.69,1,1,1.236
cotton,33.82,963.56,66.4,95.2,186.4,7.181,82.78,1,1,1.491
wheat,36.1,107.1,92.1,123.7,39.8,7.802,84.95,0,0,1.416
rice,12.99,1386.84,19.7,36.5,116.6,8.467,67.26,0,0,0.782
cassava,21.42,1367.36,61.8,109.5,191.1,9.399,18.9,0,0,3.454
soybeans,35.64,603.28,103.6,92.9,80.1,4.417,75.0,1,1,1.044
cotton,12.51,1276.56,121.0,110.8,53.5,6.901,29.84,0,1,0.985
cassava,10.24,692.72,51.7,98.8,192.7,4.058,42.16,1,0,3.402
rice,10.6,1141.45,66.3,67.5,6.4,8.826,44.94,1,1,1.299
rice,13.28,626.07,47.2,84.7,177.2,4.009,20.24,1,0,2.044
maize,11.71,1161.46,98.3,51.4,140.1,6.074,79.04,1,0,2.214
cassava,18.02,388.22,72.1,50.1,35.8,6.446,89.16,1,1,8.002
cassava,37.74,292.12,37.4,13.9,164.1,7.541,41.08,0,0,9.114
rice,38.69,54.38,34.7,134.9,191.4,8.184,79.86,0,1,2.62
rice,26.14,787.62,34.0,109.3,38.6,4.735,53.62,0,0,1.575
maize,33.4,205.12,106.5,80.8,197.6,5.722,68.41,1,0,2.309
maize,12.38,870.48,127.1,60.5,64.3,4.433,27.02,1,1,2.766
cassava,17.31,480.78,80.8,81.3,103.3,8.164,41.22,1,0,5.981
wheat,34.39,806.22,100.5,130.5,159.6,9.414,51.08,1,1,2.049
maize,10.67,439.58,75.8,93.7,56.6,4.406,85.8,1,1,2.652
cotton,16.34,1130.57,90.5,134.3,38.8,8.384,21.19,1,1,1.457
rice,27.98,298.35,103.8,47.4,137.5,4.529,73.18,0,0,2.786
cassava,35.78,1379.63,70.1,81.4,171.6,6.995,58.45,1,1,4.989
maize,13.3,380.51,59.8,119.5,177.1,3.545,57.92,1,0,2.066
cotton,28.6,829.11,78.7,129.6,76.1,4.853,53.24,0,0,1.163
maize,31.28,292.62,109.3,86.7,195.4,3.776,36.82,1,0,2.398
soybeans,10.77,79.41,87.1,97.6,67.2,5.58,43.2,1,0,0.801
soybeans,18.14,941.65,136.8,20.6,47.4,6.575,97.3,1,1,0.741
soybeans,16.32,1263.56,40.6,31.1,86.3,8.249,97.03,1,1,1.321
wheat,25.04,592.21,31.3,83.0,182.9,7.361,93.09,0,1,2.042
wheat,18.38,208.47,35.9,122.3,128.0,4.978,88.97,1,1,1.861
wheat,20.62,1073.47,20.7,101.7,9.3,4.48,75.05,1,1,1.757
cassava,24.81,616.43,66.1,124.4,134.1,3.791,60.63,0,1,3.876
cotton,24.82,945.71,123.1,108.6,97.3,9.898,53.24,0,1,1.097
wheat,29.26,584.61,125.8,110.0,50.6,7.684,93.33,1,1,2.301
cassava,27.86,1176.87,70.8,76.3,150.1,6.741,66.33,1,0,4.0
rice,11.62,798.99,70.7,25.9,25.8,4.303,22.69,1,0,1.347
cotton,33.42,459.76,79.0,61.6,103.0,5.809,38.02,1,1,1.355
rice,10.0,1433.19,114.0,131.6,8.1,9.57,83.64,1,0,1.254
maize,21.0,194.27,107.3,140.3,199.0,9.123,65.67,1,0,2.01
cotton,33.46,1057.29,138.3,76.4,90.4,5.364,55.01,1,0,1.401
cassava,34.86,240.81,129.1,68.1,79.4,6.497,85.77,1,0,9.329
maize,15.02,775.52,96.7,102.6,134.7,5.289,27.43,1,1,2.812
rice,10.81,1186.08,1.5,111.7,183.7,6.313,60.06,1,0,1.131
soybeans,25.93,262.25,19.6,86.7,202.0,4.126,38.57,1,0,1.64
soybeans,26.78,321.75,62.8,89.1,70.5,8.576,86.28,0,1,1.312
wheat,20.31,627.4,40.8,104.4,135.3,6.365,48.22,0,0,1.775
wheat,32.36,1362.58,55.4,84.0,183.5,9.96,97.36,1,0,1.179
cassava,31.58,1431.25,37.0,17.3,100.1,9.069,61.47,0,1,3.881
cassava,30.77,1180.65,33.5,41.0,66.4,7.387,28.78,0,1,3.912
cotton,17.43,183.92,50.4,43.4,107.2,9.865,24.69,0,1,0.81
maize,35.18,282.99,3.5,67.9,52.5,3.822,76.32,0,1,1.357
wheat,25.24,990.6,79.0,56.2,133.4,3.684,45.81,1,0,2.005
soybeans,17.52,534.07,66.0,8.7,23.4,7.959,50.89,1,1,1.71
cassava,27.65,576.09,85.8,128.0,196.1,7.293,17.66,1,1,4.851
rice,28.55,1183.12,98.5,121.8,16.2,8.359,87.17,0,1,1.473
cotton,35.19,1415.36,112.9,54.7,167.4,9.499,95.45,1,0,1.213
cotton,26.66,417.24,5.0,122.0,184.3,4.556,81.69,1,0,0.933
wheat,32.3,69.57,126.1,59.1,178.8,3.753,26.53,0,0,1.026
cotton,10.67,246.92,92.3,141.9,27.3,6.503,29.53,1,0,0.959
soybeans,26.73,452.19,66.6,70.9,82.7,8.834,52.8,1,1,1.402
wheat,13.86,1392.33,28.1,16.4,72.9,4.721,59.32,1,0,1.051
rice,26.1,1168.15,92.6,62.3,184.1,4.557,99.61,0,0,1.483
cassava,32.73,1022.5,62.9,129.7,129.5,9.936,84.47,0,0,3.592
cotton,28.11,473.37,128.9,133.1,83.4,6.323,74.41,1,0,0.994
soybeans,25.63,757.02,81.0,101.5,26.4,8.837,51.45,0,1,1.153
soybeans,10.74,606.47,19.8,104.5,137.2,3.786,85.95,0,0,1.289
wheat,16.17,886.75,0.7,104.8,87.9,4.756,78.69,1,0,1.341
rice,15.81,429.54,71.8,51.3,177.1,6.579,82.76,1,1,3.773
cassava,33.94,812.03,12.7,86.6,127.3,8.237,79.46,1,1,3.483
maize,15.04,1118.47,120.8,35.3,24.1,3.654,69.21,1,1,2.06
wheat,29.41,726.06,90.2,48.0,172.7,8.062,42.38,1,0,2.178
rice,33.74,341.32,112.7,124.0,62.8,9.69,18.29,0,1,3.612
soybeans,30.08,88.71,65.2,13.1,42.3,7.143,88.49,1,0,1.441
rice,24.2,939.1,121.6,97.7,91.8,8.826,91.88,0,1,1.386
soybeans,13.63,58.83,71.1,144.8,144.0,5.505,89.41,1,0,0.987
rice,32.16,1441.88,95.0,84.9,194.1,6.379,65.54,1,1,1.771
maize,29.06,334.91,29.6,10.8,69.4,7.138,87.78,1,0,2.396
rice,21.49,964.42,60.2,66.3,67.1,8.454,94.51,1,0,1.407
soybeans,13.52,1049.87,57.2,33.9,85.6,3.994,73.81,0,0,1.108
soybeans,21.67,858.58,80.7,28.2,85.5,5.732,48.48,1,0,1.445
rice,35.74,492.11,27.0,23.1,64.6,8.57,54.56,0,0,2.177
rice,37.45,1289.05,95.6,12.3,161.6,8.996,82.72,1,0,1.518
wheat,32.4,1113.69,127.7,59.3,107.9,6.538,93.79,1,1,1.822
cassava,14.3,592.26,103.5,133.3,96.5,7.678,22.86,1,1,4.23
soybeans,36.05,1345.19,124.1,80.8,134.3,7.045,18.4,1,1,0.62
cassava,18.13,838.5,136.0,49.6,37.1,6.821,47.35,0,1,3.323
soybeans,39.84,216.44,101.6,12.2,11.0,4.185,97.03,1,0,0.74
wheat,27.33,573.42,92.8,84.0,189.8,4.16,32.98,1,0,2.065
maize,39.2,1454.87,105.0,23.2,156.7,3.66,15.9,0,0,1.612
rice,19.4,309.32,126.3,60.6,54.1,6.415,41.57,1,1,4.356
wheat,12.61,856.23,139.0,25.3,24.9,6.349,62.45,0,0,1.608
cassava,11.94,214.18,83.6,54.6,97.8,5.633,48.81,1,1,9.527
soybeans,34.79,1110.45,138.5,43.2,180.0,8.483,45.15,1,0,0.557
cassava,14.81,1068.06,96.9,69.3,32.0,5.546,41.53,1,0,3.938
rice,30.4,970.98,127.3,7.5,116.4,8.618,60.55,0,0,1.189
maize,18.23,1476.77,57.3,130.2,51.0,4.885,16.68,1,0,2.062
rice,24.31,1492.12,95.1,15.4,203.6,6.151,38.72,1,0,1.768
wheat,38.59,773.61,106.5,78.5,18.9,5.62,21.52,1,0,1.583
wheat,21.12,332.7,130.9,86.4,62.5,8.081,46.24,0,0,1.736
wheat,32.48,158.43,120.5,119.3,158.2,5.511,84.77,0,0,1.514
rice,35.25,854.2,126.2,134.7,6.8,3.99,35.53,1,1,1.806
maize,38.15,1237.17,137.7,41.4,198.9,6.303,43.89,0,0,1.92
maize,25.02,1035.45,10.7,43.5,166.4,6.488,61.01,1,0,1.909
maize,39.08,808.49,88.1,102.4,95.9,7.579,64.25,1,0,2.518
rice,31.83,1035.01,65.9,59.3,80.2,7.66,56.55,1,1,1.486
rice,14.96,1467.68,15.1,135.5,187.7,6.915,76.34,1,1,1.112
rice,18.37,1427.81,8.9,89.4,16.4,9.31,59.56,1,1,1.154
soybeans,28.12,129.08,117.9,95.7,85.8,3.605,64.88,0,0,0.528
soybeans,28.21,868.98,120.5,120.0,29.5,9.016,49.61,0,1,0.742
maize,19.35,804.1,76.5,30.9,198.9,8.538,94.8,1,1,2.65
cassava,16.06,274.28,67.4,79.1,194.8,3.976,65.59,1,1,9.083
cotton,19.73,599.9,109.6,111.3,164.7,9.7,82.42,1,1,1.217
cotton,11.96,923.82,139.7,19.1,169.2,4.272,71.61,1,1,0.996
soybeans,38.11,292.21,100.5,110.7,22.8,9.098,83.93,0,0,0.637
rice,29.66,656.63,100.0,125.6,35.9,6.435,49.09,1,0,2.143
rice,34.18,455.53,26.8,75.6,178.1,5.069,20.75,0,1,2.383
cassava,29.75,230.03,71.0,7.6,83.3,3.986,54.86,1,0,10.969
cotton,13.87,203.86,81.9,39.0,38.3,7.353,79.47,0,1,0.903
cotton,25.84,815.64,106.6,55.2,148.4,7.258,96.72,0,1,1.153
cotton,31.38,851.62,105.6,10.4,10.4,4.042,51.63,0,1,1.191
soybeans,31.45,1105.75,93.3,126.9,179.0,7.263,50.97,1,1,1.089
rice,22.19,1393.55,99.5,63.6,108.5,4.047,98.67,1,0,1.373
maize,27.82,602.29,135.8,122.9,172.7,6.547,49.67,0,0,2.451
rice,36.96,288.37,112.6,115.9,30.4,6.091,28.63,0,0,3.852
cassava,38.4,818.82,39.6,54.0,59.1,7.412,93.98,1,0,4.273
cassava,34.5,1452.23,64.5,120.5,144.9,9.788,83.76,0,1,3.519
rice,34.85,297.27,125.6,96.9,181.4,6.654,60.61,1,1,4.245
soybeans,26.35,374.65,62.1,72.8,171.3,9.324,49.66,0,1,1.521
soybeans,21.61,952.76,22.1,125.5,94.5,9.461,54.24,0,0,1.437
wheat,23.65,50.28,126.1,22.4,53.9,4.49,29.46,1,1,1.757
cassava,33.25,329.91,78.7,15.4,74.6,4.968,75.83,1,1,9.202
rice,34.91,1428.39,88.8,54.5,125.7,5.528,92.24,1,1,1.578
maize,29.91,1449.69,7.1,129.7,120.4,7.165,57.02,0,0,1.269
wheat,22.65,456.79,125.3,51.5,120.7,5.06,82.57,1,0,1.75
cotton,21.48,557.2,90.5,21.2,23.5,7.79,60.98,1,0,1.375
maize,10.28,197.13,92.9,5.7,37.2,7.067,73.5,1,0,2.139
rice,33.52,622.47,90.4,26.1,191.5,5.99,76.74,0,0,2.571
maize,37.16,333.9,9.7,19.1,8.6,4.114,72.74,0,0,1.392
wheat,35.29,1153.06,92.6,74.6,5.4,7.488,44.61,0,0,1.421
rice,21.83,1307.24,34.2,140.3,196.6,5.11,43.93,1,1,1.219
cotton,33.92,767.29,66.2,86.1,48.9,6.919,14.95,1,0,1.319
rice,10.03,1087.09,24.0,19.6,52.5,5.969,54.93,0,1,0.954
cassava,24.42,70.27,61.4,119.9,161.0,6.837,35.48,1,1,11.425
cassava,14.4,473.1,71.1,52.9,118.7,3.848,57.84,0,1,4.471
rice,18.78,840.87,18.7,101.8,164.0,4.562,22.97,0,1,1.186
cassava,28.14,745.2,130.8,38.7,59.8,9.485,20.6,1,1,4.266
wheat,12.47,854.8,20.5,32.4,83.6,4.155,28.9,0,0,1.152
maize,10.43,1119.91,116.8,108.7,33.6,8.397,80.13,1,1,2.394
rice,38.97,71.54,67.4,51.7,94.8,7.209,51.46,1,1,3.651
soybeans,39.2,430.14,29.8,16.3,117.4,3.588,49.42,0,0,1.424
wheat,15.46,422.01,30.7,14.9,74.6,9.863,44.43,1,1,1.683
maize,16.96,616.81,83.2,74.5,202.6,4.387,73.78,1,0,2.742
cassava,28.05,1142.12,60.7,81.6,17.4,4.084,85.33,0,0,3.877
rice,17.87,682.3,22.0,137.7,158.4,5.244,64.81,1,1,2.033
wheat,16.77,917.18,17.5,142.0,95.9,8.844,80.1,1,1,1.692
soybeans,11.04,729.66,55.8,24.2,142.5,9.954,48.03,1,1,1.481
rice,25.54,60.82,59.2,105.5,93.5,8.259,34.04,1,1,3.75
wheat,18.18,1365.97,126.6,134.3,104.2,9.129,95.77,0,0,1.207
cassava,32.11,1010.26,76.6,128.4,94.8,3.897,86.63,1,1,4.795
cassava,18.84,848.68,87.8,72.4,170.4,8.914,87.15,1,0,4.135
cotton,12.72,1064.41,101.0,29.2,10.6,6.154,64.11,1,1,1.332
maize,34.05,542.2,114.1,16.2,184.0,7.059,84.29,1,1,3.192
wheat,34.55,1225.58,69.3,86.3,170.4,5.532,18.32,1,1,1.493
cotton,12.57,309.02,56.6,74.3,198.1,9.809,87.2,0,1,0.795
rice,25.11,1346.38,131.1,118.0,132.1,5.474,98.53,0,0,1.2
wheat,23.29,1220.28,42.0,65.6,197.2,3.706,64.87,1,1,1.621
maize,29.09,1189.19,16.6,62.4,173.0,5.995,63.18,1,0,1.66
soybeans,29.6,455.41,79.9,113.1,190.6,5.197,42.8,1,1,1.678
rice,15.12,247.54,88.3,47.2,8.7,9.276,33.51,1,1,3.49
rice,26.25,240.07,107.3,135.5,194.5,5.899,25.65,1,0,3.79
rice,27.36,1371.45,77.6,29.4,80.7,8.98,69.4,1,1,1.619
maize,35.84,1277.45,128.6,40.3,156.0,6.494,86.41,1,1,2.193
maize,17.26,1085.38,12.8,32.9,180.5,8.302,15.18,0,0,1.668
wheat,15.07,157.33,33.1,13.1,128.7,8.672,43.22,0,1,1.437
wheat,18.22,396.5,69.8,45.8,108.2,7.85,80.85,1,0,2.186
soybeans,13.01,1401.63,52.4,16.3,82.5,7.401,58.17,1,0,1.233
wheat,37.47,555.97,78.6,91.7,200.9,5.53,96.24,0,1,1.983
wheat,21.55,1488.5,79.7,92.0,99.2,7.805,96.27,1,0,1.42
wheat,15.41,334.28,127.1,135.4,15.4,7.358,62.52,0,1,1.921
soybeans,23.44,1409.41,103.1,69.1,118.9,8.002,64.93,1,0,0.775
wheat,17.03,191.41,88.8,18.4,79.6,6.253,61.09,1,0,1.792
cotton,23.04,136.53,66.1,77.3,175.9,8.26,20.82,0,0,0.8
soybeans,28.62,658.81,85.9,111.6,114.1,7.58,94.43,0,0,1.111
maize,25.36,378.42,90.3,29.4,143.2,6.014,94.56,0,0,2.251
wheat,36.52,322.81,73.1,76.7,125.8,5.628,89.12,1,1,1.877
rice,11.46,1273.41,61.3,52.9,114.3,4.094,79.07,1,0,1.158
rice,39.25,386.82,123.4,51.0,27.6,9.155,68.71,0,0,2.807
wheat,29.47,666.35,113.6,133.6,125.1,8.255,18.87,1,1,2.781
wheat,32.04,199.0,86.9,66.1,86.2,5.01,16.62,1,0,1.796
cassava,25.43,915.87,64.1,52.7,98.6,5.524,51.68,0,1,3.906
rice,21.03,907.09,70.5,95.4,199.6,3.862,63.36,1,0,1.381
cotton,22.29,459.29,38.5,116.7,199.8,5.762,17.37,0,1,0.876
rice,18.69,886.94,9.2,31.8,86.5,9.59,46.44,1,0,0.964
maize,31.42,931.46,43.3,120.3,196.0,8.838,14.13,1,0,2.11
cotton,34.21,449.68,46.2,63.0,91.7,6.174,57.32,1,1,1.252
cassava,34.31,874.11,15.2,57.2,53.5,6.864,86.53,1,0,3.456
cotton,15.56,1439.32,82.6,59.6,165.3,6.914,34.78,0,0,1.083
wheat,11.44,463.33,87.3,111.8,7.1,5.62,32.43,1,1,2.171
cotton,17.15,1166.01,37.0,106.8,172.5,8.598,37.57,1,0,1.109
cotton,20.41,1356.28,45.5,107.6,152.3,3.619,45.05,0,1,1.023
cassava,19.74,60.34,95.4,42.6,168.0,5.835,55.28,1,0,8.501
soybeans,16.93,788.05,124.3,102.1,83.9,5.921,53.19,0,1,0.659
maize,18.67,596.73,55.1,81.2,37.0,7.993,28.41,0,1,2.172
rice,37.77,985.75,58.1,135.2,162.0,4.8,25.25,1,1,1.609
wheat,33.0,1453.4,130.1,72.4,155.9,7.85,83.78,1,0,1.179
rice,22.61,865.06,0.8,16.0,181.3,4.006,74.79,1,0,1.229
wheat,35.72,900.62,109.0,118.2,169.6,7.079,29.23,0,1,1.815
soybeans,16.04,1302.74,45.0,143.5,36.5,6.856,82.18,1,0,1.386
soybeans,31.55,211.09,34.1,46.7,117.1,6.087,72.02,0,0,1.238
soybeans,17.18,1307.74,45.8,51.1,124.6,4.693,38.5,1,0,1.199
wheat,39.7,1299.7,61.4,145.0,107.8,4.586,61.81,0,1,1.21
cassava,27.6,1376.48,44.9,119.8,6.9,3.524,79.34,1,1,4.853
wheat,36.87,1427.37,100.6,57.4,169.0,3.668,22.84,1,0,0.958
soybeans,19.25,1035.14,79.2,66.1,113.0,4.784,51.04,1,1,1.341
wheat,22.75,906.44,38.9,41.3,140.7,7.411,28.37,1,1,2.221
cassava,30.22,112.67,117.3,28.7,144.5,4.959,19.89,1,0,10.224
maize,26.2,1270.95,72.9,92.3,22.8,8.409,24.98,1,1,2.178
cassava,27.73,1343.73,98.0,25.8,178.6,5.46,53.05,1,1,3.664
rice,27.88,717.56,51.0,54.4,132.3,8.383,72.35,0,0,1.693
wheat,19.65,559.55,113.3,108.0,142.9,3.642,92.32,0,1,1.934
rice,27.35,772.29,81.1,45.1,78.4,4.045,18.5,0,0,1.561
cassava,26.59,526.61,17.0,70.3,5.7,6.112,23.09,0,1,4.618
cassava,35.38,984.56,112.2,115.1,43.2,7.726,31.17,1,1,4.708
cotton,24.69,368.64,71.0,10.5,186.0,8.821,76.42,1,1,1.299
maize,31.17,1391.61,25.3,84.5,188.1,3.721,73.98,0,1,1.636
wheat,11.19,307.28,41.1,100.7,180.2,8.69,29.66,1,0,1.527
wheat,36.02,544.21,92.5,81.9,60.7,5.268,60.32,0,1,1.763
maize,13.06,572.34,37.9,123.0,67.7,8.628,90.7,1,1,2.419
maize,13.31,564.2,40.2,46.5,51.7,3.774,15.54,1,0,2.095
soybeans,39.66,911.09,55.9,122.0,151.0,8.37,30.87,1,1,1.702
soybeans,30.77,963.77,112.5,68.3,108.8,8.768,50.78,1,0,0.7
cassava,11.22,757.9,63.1,51.4,196.5,8.847,70.9,0,1,3.236
rice,28.69,566.3,110.4,37.7,132.8,5.032,75.37,1,0,2.846
rice,26.18,1454.78,67.8,13.9,115.3,8.967,99.73,1,0,1.359
cassava,31.12,1142.4,9.2,111.9,159.9,7.867,39.1,1,0,2.965
cotton,10.58,995.39,7.5,142.2,126.9,6.558,50.98,1,0,0.857
cotton,33.31,866.69,93.7,50.9,86.9,5.003,98.22,1,1,1.474
maize,22.06,1106.96,109.2,21.6,5.0,8.129,44.67,0,0,2.154
soybeans,39.46,141.4,126.4,119.0,67.8,9.828,38.76,1,1,0.593
cotton,24.43,543.42,24.8,136.5,68.2,8.704,75.52,1,1,1.235
cassava,34.3,1139.17,106.5,59.5,155.3,6.014,91.29,0,0,3.055
cotton,14.85,826.1,127.8,7.2,133.5,3.979,14.55,0,0,0.831
wheat,11.68,738.7,29.2,17.8,87.2,5.783,60.23,1,0,2.013
maize,30.33,415.86,122.2,28.6,15.7,8.164,54.89,1,0,2.64
cotton,14.52,718.74,76.3,138.1,78.3,9.871,60.64,0,0,1.145
soybeans,35.44,1140.15,63.0,90.8,142.7,6.833,54.91,1,1,1.591
cotton,17.24,1075.1,81.0,143.1,205.0,9.152,79.36,0,1,1.079
rice,13.22,1276.87,103.0,34.6,34.1,5.556,97.94,0,0,1.238
wheat,16.69,612.41,119.9,108.4,35.9,7.45,68.06,0,0,1.963
rice,36.2,136.66,124.4,51.1,67.9,6.829,94.9,0,0,3.196
cotton,23.23,947.27,125.9,51.2,175.0,4.108,17.6,1,0,0.999
wheat,33.03,644.03,25.4,70.4,118.8,6.443,93.03,0,1,1.611
cassava,24.05,1224.68,107.5,75.7,175.9,8.382,80.96,1,0,4.103
maize,13.61,435.1,2.5,46.1,159.6,6.867,43.94,0,0,1.662
cassava,26.48,607.42,90.7,132.2,88.3,5.544,47.41,1,0,2.979
soybeans,35.07,1120.91,37.1,7.4,100.9,9.083,91.04,1,1,1.425
cotton,26.27,1010.5,39.0,50.1,72.1,8.042,54.74,1,1,1.331
cassava,20.99,1144.2,61.5,114.9,200.3,5.059,88.16,1,1,4.525
wheat,29.85,149.14,64.0,98.0,64.2,5.535,24.71,1,1,1.929
cassava,25.51,1339.38,138.5,21.2,31.0,4.347,72.58,0,1,3.661
rice,21.11,874.94,123.4,136.9,152.9,4.063,71.55,1,0,1.439
cotton,38.16,369.1,120.9,41.1,199.1,7.383,14.61,0,0,0.911
wheat,39.77,610.71,65.1,117.6,120.7,3.742,86.5,0,0,1.272
wheat,32.07,1444.43,52.4,81.0,175.2,5.671,26.23,0,1,1.161
cassava,27.64,529.92,64.7,15.9,76.5,8.023,95.98,1,1,6.968
maize,38.59,1092.91,130.2,78.9,56.8,3.843,76.44,0,0,2.136
cassava,11.4,413.23,49.5,108.5,103.8,3.686,67.05,1,1,6.246
cassava,23.45,935.63,44.6,113.1,199.3,9.632,36.87,0,1,3.39
maize,25.57,744.81,3.6,52.8,81.0,6.092,63.89,1,1,2.379
cassava,12.87,104.98,64.0,120.6,67.6,5.997,92.22,1,1,10.321
cassava,37.6,117.29,48.0,8.2,59.5,9.103,17.15,1,0,11.184
soybeans,24.21,1145.41,123.2,140.0,69.9,8.692,32.12,1,0,0.648
cotton,14.61,103.6,74.8,79.0,173.8,9.668,60.31,1,1,0.947
wheat,27.2,1444.58,120.5,124.1,169.4,5.509,90.59,1,0,1.265
rice,23.6,1484.46,7.7,54.7,101.4,6.77,41.17,1,1,1.198
cassava,35.99,1368.85,30.4,121.3,146.8,9.758,63.13,0,1,3.271
wheat,21.77,1242.61,28.8,126.2,104.6,5.88,70.97,0,0,1.257
maize,21.75,648.3,97.4,5.5,128.9,5.811,82.3,0,1,3.237
soybeans,16.64,1480.86,42.8,22.8,114.1,9.077,72.31,0,1,1.078
rice,20.12,76.22,56.0,82.0,128.9,7.813,85.92,0,0,2.582
cotton,13.29,408.94,123.5,55.5,129.1,7.829,81.24,0,0,0.719
cassava,24.95,625.04,131.4,76.5,98.5,7.871,36.47,0,1,3.678
maize,26.96,722.7,136.1,90.2,74.9,4.242,27.01,0,0,2.306
cotton,22.92,1019.42,43.2,34.3,82.6,7.444,70.5,1,1,1.306
maize,22.55,1138.86,14.2,43.9,60.3,6.308,98.31,0,1,1.884
rice,29.42,114.91,7.6,69.0,114.9,9.271,23.0,1,0,2.145
maize,28.03,544.39,128.4,61.9,33.7,8.146,39.23,1,1,2.97
maize,16.02,762.81,9.0,86.5,58.8,8.684,40.69,1,0,1.815
maize,10.82,144.55,65.0,132.3,112.7,6.736,23.07,1,1,2.236
rice,11.85,441.46,107.6,128.9,49.3,6.513,54.45,1,1,2.993
cotton,39.62,1287.67,54.3,132.9,73.5,7.841,97.13,0,1,1.129
soybeans,33.25,1122.74,75.3,17.2,190.2,6.461,45.25,1,1,1.549
cassava,28.95,401.48,38.9,130.8,98.4,6.049,76.25,1,0,7.743
cassava,35.96,1324.0,109.7,62.1,201.4,5.967,68.92,0,1,3.628
wheat,32.79,686.67,70.6,22.5,154.4,7.377,91.61,0,1,1.784
cassava,24.35,863.75,83.5,62.4,172.7,4.704,61.72,1,1,4.767
wheat,38.24,619.05,133.2,134.6,137.1,3.557,48.43,1,1,1.922
soybeans,13.0,903.6,109.0,18.1,39.5,3.58,65.05,1,1,0.841
cassava,37.43,812.97,19.2,85.2,23.3,4.825,16.68,1,0,4.193
cotton,21.65,1035.21,31.9,41.3,80.2,5.476,35.83,0,1,1.08
cassava,31.26,240.33,93.4,129.5,90.1,6.188,52.09,0,1,10.175
rice,26.69,646.55,132.7,22.7,199.7,4.999,80.47,0,0,1.937
cassava,25.07,673.07,102.1,38.9,123.9,9.245,92.32,1,1,3.991
cotton,26.22,411.75,46.5,140.2,53.1,9.361,63.93,0,0,1.043
rice,19.05,606.83,119.6,109.9,59.5,4.264,35.67,1,1,2.961
maize,15.5,491.15,73.5,65.5,63.2,7.477,26.0,0,0,2.123
cotton,35.97,296.2,130.3,72.0,73.1,8.321,89.41,0,0,0.939
rice,16.84,1387.22,83.0,58.2,105.4,7.433,62.15,1,1,1.716
cassava,20.08,263.38,20.1,28.5,14.1,9.364,60.51,1,1,8.44
soybeans,18.8,356.63,37.2,18.3,74.4,3.738,30.03,1,0,1.595
wheat,30.65,1147.48,29.0,92.1,121.0,9.634,33.98,0,1,1.135
cotton,19.72,1121.7,86.0,114.2,19.9,5.571,41.46,0,1,1.358
cassava,17.94,354.58,109.7,101.0,141.2,7.092,62.47,1,0,7.658
cassava,30.31,346.8,86.6,23.1,5.4,9.555,61.72,1,0,8.124
soybeans,21.16,483.26,120.2,144.8,130.9,8.668,81.23,0,1,0.765
wheat,21.22,772.1,86.2,139.1,71.2,8.446,59.7,0,1,1.892
cassava,25.73,1271.58,15.6,116.3,41.6,8.753,66.63,0,0,3.054
cassava,28.2,644.4,43.8,132.6,198.8,6.729,38.96,1,0,4.844
rice,25.61,1464.1,135.2,35.1,167.2,4.782,32.36,1,0,1.589
rice,18.53,899.38,82.1,67.4,172.2,5.222,52.58,1,1,1.583
soybeans,34.39,1190.15,124.6,82.4,198.5,9.975,24.02,1,0,0.628
maize,10.3,1098.99,75.0,122.1,169.3,8.982,55.72,0,1,1.999
rice,20.4,1132.36,125.1,111.0,71.4,8.339,27.07,0,0,1.161
soybeans,26.24,76.78,8.7,129.3,178.8,5.822,90.63,1,1,1.299
soybeans,12.2,461.68,34.0,39.8,80.7,8.818,92.51,0,1,1.618
rice,39.35,279.85,68.2,56.0,132.9,4.339,51.01,0,1,3.312
soybeans,26.13,910.0,76.1,18.9,68.8,3.833,48.03,0,1,1.202
cassava,31.64,524.09,88.1,97.4,151.7,9.331,51.2,0,0,5.096
rice,19.74,475.42,4.7,119.2,95.1,5.613,54.52,1,0,2.347
wheat,28.78,1200.46,76.4,86.3,165.0,6.937,66.56,1,1,1.76
wheat,38.08,558.21,53.2,69.8,148.6,8.178,55.24,1,0,1.671
soybeans,29.47,1330.08,25.8,122.7,29.3,4.897,17.2,0,1,1.278
soybeans,38.07,899.87,41.7,25.9,170.9,8.937,84.05,1,0,1.584
soybeans,19.36,1363.64,81.9,35.1,182.8,9.957,21.45,1,0,0.939
cotton,39.34,1220.38,38.7,104.3,157.7,8.243,84.53,1,0,1.242
soybeans,14.09,169.49,118.0,6.5,177.3,6.433,14.35,1,0,0.712
cotton,22.15,105.55,6.8,44.7,130.8,7.297,68.51,1,0,0.713
cassava,31.23,951.73,69.4,46.8,28.8,6.159,16.45,0,0,4.022
cassava,38.73,1134.08,119.0,54.6,115.9,7.5,41.66,1,0,4.372
soybeans,35.46,251.84,81.2,129.3,99.7,8.353,83.2,1,1,1.092
wheat,23.95,170.36,71.7,50.9,72.1,7.631,28.03,1,1,2.045
wheat,38.3,1328.5,125.3,45.5,35.3,7.655,55.98,0,1,1.354
cassava,29.0,1229.07,41.6,34.9,138.4,7.857,91.5,0,1,3.861
soybeans,31.2,1097.53,11.9,35.8,6.8,8.155,43.62,1,0,1.417
rice,31.92,108.47,13.3,6.0,35.6,3.948,99.64,0,0,2.065
wheat,18.18,352.05,28.2,100.6,170.2,8.153,69.53,1,0,1.837
cassava,24.47,715.89,136.4,11.4,195.2,7.283,82.43,1,0,3.218
wheat,22.9,835.48,48.9,38.9,139.4,5.951,68.3,1,1,2.367
wheat,31.41,1029.07,1.4,44.9,42.8,4.585,76.65,0,0,1.131
wheat,22.18,527.54,30.0,135.7,181.2,4.794,44.28,1,0,1.864
cassava,26.2,936.25,139.7,141.5,198.3,5.765,99.25,1,1,3.953
cassava,31.37,217.43,79.8,84.6,141.5,4.055,67.88,0,1,10.453
soybeans,10.45,237.63,35.2,65.1,102.5,4.397,71.91,1,0,1.407
wheat,21.85,202.42,13.6,116.1,90.2,8.707,37.46,0,0,1.363
soybeans,21.06,145.47,87.1,86.9,61.2,9.416,40.15,1,1,1.19
rice,20.23,1496.62,36.9,44.1,191.1,3.66,73.92,1,1,1.478
cassava,13.97,1299.97,86.0,54.7,11.1,6.993,93.4,1,1,4.362
wheat,14.31,358.99,49.2,45.8,138.7,8.883,30.52,1,0,2.339
wheat,15.37,74.47,22.4,57.8,26.3,4.785,79.76,1,1,1.35
wheat,24.74,583.82,57.5,114.4,7.9,7.793,14.01,0,0,1.924
cassava,31.33,786.28,87.6,103.1,55.6,8.762,95.73,1,1,4.709
cassava,14.75,126.09,81.1,142.7,88.5,4.878,58.85,1,0,9.785
maize,24.86,1048.18,60.9,39.5,168.8,8.696,73.74,0,1,2.089
soybeans,33.95,809.85,80.1,124.4,166.2,4.359,75.4,1,0,1.214
rice,39.32,1448.31,22.9,46.9,25.0,5.266,84.17,0,0,1.073
wheat,16.05,890.43,11.7,35.5,157.7,5.467,98.78,1,1,1.68
rice,26.97,991.17,49.0,133.4,31.8,7.865,14.37,1,0,1.558
soybeans,24.21,1434.2,21.8,31.5,166.6,5.195,82.73,0,0,1.05
cassava,26.36,368.97,47.3,58.4,199.6,3.537,98.77,1,1,8.67
soybeans,38.1,1249.08,118.2,84.7,81.5,9.575,51.16,1,0,0.485
maize,39.01,655.75,137.8,98.5,131.9,4.579,89.85,1,0,2.348
maize,14.69,1483.21,136.8,116.1,136.9,7.256,88.48,0,0,1.451
wheat,18.82,1074.56,95.7,117.1,41.8,5.79,24.83,1,0,1.815
rice,12.64,1345.63,54.5,48.9,97.5,6.035,88.27,1,0,1.332
maize,11.8,239.91,84.8,123.9,14.0,8.272,43.35,1,1,2.339
wheat,20.77,1280.15,53.8,69.6,59.4,5.282,19.32,1,0,1.643
wheat,25.62,789.99,88.4,103.4,74.3,5.647,37.2,1,0,1.709
soybeans,18.9,280.96,61.0,61.3,120.1,7.292,78.5,1,0,1.452
wheat,11.42,399.48,116.5,125.7,79.6,5.937,79.09,0,0,1.752
soybeans,32.74,979.74,129.3,114.6,41.2,8.701,69.19,1,1,0.727
wheat,14.7,1467.01,9.8,79.8,188.2,9.647,33.96,0,1,0.931
rice,12.36,862.78,46.5,26.7,174.8,6.89,94.26,1,1,1.433
cassava,38.11,544.36,41.6,37.8,171.0,7.917,34.31,0,1,5.369
wheat,32.23,375.98,82.6,26.5,25.5,6.901,72.05,0,1,1.831
cassava,10.73,414.33,12.8,52.1,159.6,8.156,66.54,1,0,4.849
wheat,16.79,1240.97,6.0,18.8,109.2,7.328,76.77,0,1,1.071
cotton,30.44,1479.41,132.0,104.7,109.4,4.55,47.04,1,1,1.368
rice,29.71,579.39,85.6,102.4,73.5,4.202,19.99,1,1,2.981
cassava,14.45,118.94,89.8,14.0,151.8,7.004,31.08,1,0,8.171
cotton,20.7,878.41,127.4,141.7,50.4,4.753,72.19,1,0,1.236
rice,16.27,239.01,28.5,112.7,90.1,7.175,15.81,0,0,2.663
rice,11.19,1267.14,62.7,94.1,49.2,7.901,80.41,1,1,1.263
cassava,23.36,1475.76,41.5,38.6,132.6,5.958,67.87,0,1,4.367
maize,11.87,793.13,112.9,69.3,15.4,8.611,31.32,0,0,2.233
cotton,33.74,167.73,124.6,86.0,195.1,4.463,99.45,1,1,0.975
cotton,19.32,325.64,66.6,14.7,145.3,6.869,56.69,0,1,1.107
cotton,24.74,292.69,63.3,76.5,111.3,8.829,58.49,0,1,1.0
cassava,32.19,64.11,51.7,89.9,95.6,8.557,50.59,0,1,9.753
maize,32.57,820.38,94.8,65.0,151.3,8.859,26.59,1,1,2.762
cotton,17.9,939.39,48.2,48.3,46.5,6.159,30.81,1,0,1.175
maize,12.42,1412.37,105.7,87.1,170.7,4.021,55.01,1,1,1.85
cassava,37.66,309.1,41.4,141.6,79.2,3.647,26.7,0,1,8.326
maize,34.73,625.64,21.9,108.3,77.1,7.863,37.28,0,1,2.127
wheat,16.99,743.49,79.2,89.5,192.1,7.8,81.62,1,1,2.232
cassava,23.9,519.71,85.2,127.7,181.8,4.205,50.84,1,1,5.501
soybeans,30.7,870.07,10.8,27.8,82.6,4.706,82.13,1,0,1.428
soybeans,37.55,602.94,107.1,88.7,190.4,6.089,41.44,1,0,0.937
wheat,19.73,1099.53,114.6,87.3,69.5,5.518,24.69,1,1,1.829
cotton,30.69,744.59,42.2,70.5,46.9,9.513,18.64,1,1,1.268
soybeans,34.54,471.2,47.6,136.0,37.9,3.774,53.05,1,1,1.832
soybeans,12.21,325.06,47.3,15.9,43.3,9.423,15.66,1,0,1.302
wheat,15.4,666.05,105.6,122.6,200.8,3.981,32.63,1,1,2.065
maize,28.17,393.98,14.2,26.4,54.2,4.544,30.04,0,0,1.319
cotton,13.72,297.76,138.5,106.6,14.9,8.075,49.45,0,0,0.696
soybeans,39.87,161.1,66.2,117.3,162.8,8.44,44.01,1,1,1.231
maize,25.07,525.43,103.2,10.1,100.0,5.686,93.17,0,1,2.711
maize,21.37,1376.84,35.2,123.2,101.8,6.842,40.53,1,0,2.049
cotton,24.26,361.58,39.8,13.7,65.8,5.585,96.72,1,1,1.055
rice,10.41,489.67,97.7,115.6,64.2,6.722,50.22,1,0,2.789
cotton,15.36,750.69,127.2,50.2,198.5,4.131,91.63,1,0,0.996
rice,11.91,624.56,134.9,80.5,62.6,4.282,74.5,1,0,1.831
soybeans,21.05,1083.89,5.6,59.1,86.3,4.584,15.99,0,1,1.311
rice,13.11,1228.75,5.4,97.3,59.5,9.165,55.71,0,1,0.982
maize,34.08,1443.33,75.0,73.4,85.4,4.499,63.24,0,1,1.905
wheat,38.96,199.75,64.4,63.7,125.0,8.778,86.36,1,1,1.827
cotton,11.9,1054.98,8.7,108.4,155.0,7.732,76.97,0,1,0.87
soybeans,13.11,1264.71,21.4,16.6,133.4,6.568,92.08,0,0,0.918
soybeans,20.68,296.27,14.9,131.9,204.5,4.567,18.69,0,0,1.34
maize,28.94,442.31,34.8,136.9,64.7,8.541,47.81,0,0,1.9
rice,16.81,884.48,59.3,77.1,39.1,7.809,87.32,0,0,1.195
cotton,22.88,642.63,100.8,31.9,169.4,5.62,52.18,1,1,1.44
rice,12.74,1034.47,101.5,140.1,57.1,3.62,60.92,1,1,1.193
cassava,39.09,1472.8,39.4,66.8,17.6,9.177,62.9,0,0,3.345
maize,25.58,347.08,122.9,128.1,179.1,5.052,52.81,1,1,2.573
maize,20.8,177.08,131.2,82.5,66.1,6.08,52.46,1,1,2.302
cassava,20.14,1453.24,14.2,74.7,90.6,5.619,69.52,0,1,3.042
wheat,30.86,771.81,67.7,56.5,59.3,9.65,41.31,0,0,1.656
cotton,36.32,224.42,86.4,89.1,177.0,3.522,30.33,0,1,0.95
rice,36.85,1459.48,120.3,20.4,194.5,6.252,14.8,1,0,1.248
cassava,35.34,333.87,130.5,40.1,151.8,5.35,41.33,0,1,7.611
soybeans,29.91,650.59,6.2,114.8,140.7,6.573,91.38,0,0,1.585
wheat,15.25,1384.81,6.2,107.9,14.3,8.946,91.87,0,0,0.963
soybeans,20.66,414.69,97.3,112.7,54.0,3.821,86.99,0,1,0.932
cassava,32.04,1395.27,88.1,115.6,39.3,4.878,59.75,0,1,3.614
cassava,24.8,289.59,58.1,115.1,87.6,8.027,57.62,0,1,9.538
cotton,35.22,623.03,125.9,41.5,83.6,6.782,90.76,1,1,1.373
maize,10.8,899.37,131.6,85.6,82.6,7.681,53.41,1,1,2.56
rice,36.85,1474.85,89.2,27.6,186.2,6.856,27.22,1,1,1.679
wheat,11.26,1026.57,135.7,96.7,49.9,5.809,97.99,0,1,1.78
soybeans,13.53,304.99,108.5,76.9,7.1,7.878,50.44,1,0,0.815
soybeans,15.79,345.64,26.2,73.5,164.6,7.198,90.82,1,1,1.875
cotton,28.91,1219.88,135.3,68.6,162.2,9.461,72.77,0,1,1.079
soybeans,24.61,1196.1,128.3,59.4,124.3,6.755,98.42,1,1,0.678
wheat,36.9,1486.85,53.7,93.3,160.8,6.052,27.92,1,1,1.218
wheat,16.25,254.75,106.3,50.2,53.8,8.296,77.3,0,1,1.735
cotton,20.01,1289.35,21.0,137.4,106.5,9.522,42.96,1,0,1.013
maize,39.43,750.94,120.9,87.4,80.1,5.358,31.48,1,0,2.3
cotton,14.09,952.56,45.5,69.0,48.1,9.13,64.41,1,1,1.145
cotton,23.73,1482.21,83.0,27.5,43.0,8.155,18.33,1,0,1.316
rice,11.58,957.47,7.6,122.1,107.4,6.926,62.3,0,0,0.953
cotton,38.56,183.94,8.5,89.6,198.2,6.768,18.43,0,0,0.708
soybeans,29.09,775.13,14.5,32.7,100.9,9.269,62.71,1,0,1.635
cotton,30.15,193.47,93.0,90.6,99.7,6.225,90.29,0,0,1.024
wheat,33.39,1385.91,36.5,121.2,58.6,5.731,31.1,1,1,1.198
cotton,31.76,343.28,96.6,6.5,66.0,6.092,85.83,0,0,1.015
rice,32.69,1201.5,69.2,130.3,58.5,6.169,91.28,1,1,1.645
cassava,37.9,220.96,32.5,131.5,40.4,7.934,59.62,0,0,9.361
wheat,21.62,911.13,14.9,24.8,179.9,5.452,40.27,0,1,1.457
soybeans,29.12,1122.16,25.3,139.3,132.7,9.006,60.45,1,1,1.53
cassava,23.05,965.67,54.0,55.1,5.2,8.728,90.48,1,1,4.746
rice,18.09,1238.53,139.9,34.6,58.0,7.809,97.03,1,1,1.416
wheat,35.78,226.86,21.8,81.2,59.8,4.943,63.52,0,0,0.948
maize,23.02,178.47,30.9,88.8,152.1,9.989,94.25,1,0,1.533
cassava,31.38,791.18,22.5,130.2,63.6,8.252,81.07,1,0,3.308
rice,17.81,306.71,4.0,132.3,6.6,8.285,27.08,1,1,2.818
wheat,28.14,903.39,88.3,27.2,62.1,4.863,60.48,1,0,1.727
cotton,38.31,544.51,99.8,78.4,49.6,9.0,84.37,0,1,1.186
wheat,12.07,187.13,47.9,21.5,100.1,6.098,76.08,1,1,1.795
soybeans,33.68,821.88,40.9,96.8,133.3,4.862,16.61,1,1,2.2
maize,19.0,982.05,84.1,102.5,77.5,8.856,31.55,1,1,2.601
wheat,16.52,488.45,121.0,112.4,141.2,6.471,57.67,0,0,1.986
rice,24.47,185.8,107.5,109.6,67.3,5.491,86.05,0,1,3.943
cotton,34.74,1150.94,51.2,15.1,74.9,7.919,74.44,1,0,1.387
maize,17.32,1460.87,55.0,129.9,131.2,8.666,57.23,1,0,1.639
maize,37.62,550.27,7.7,33.6,88.7,4.928,14.02,1,1,2.036
soybeans,10.41,162.59,54.8,26.6,80.4,7.583,61.06,0,0,1.166
cotton,10.51,1100.82,90.2,29.9,163.2,5.445,25.61,1,0,1.052
rice,28.76,1480.25,74.7,20.8,170.7,5.137,80.85,1,1,1.814
soybeans,20.48,358.3,52.4,43.1,22.7,8.896,87.37,0,0,1.28
cotton,24.74,883.03,40.2,97.8,105.5,5.676,85.08,1,0,1.515
wheat,32.78,214.39,138.7,89.9,77.6,5.119,63.27,1,1,1.815
cassava,34.14,1382.15,125.5,133.8,186.5,6.927,32.87,1,0,3.654
cotton,18.79,766.88,5.9,31.9,89.9,8.921,55.25,1,1,1.086
rice,24.77,1326.94,57.8,80.2,14.9,3.515,35.05,1,0,1.451
cassava,26.41,697.83,113.4,39.1,181.6,7.147,66.39,1,1,4.068
maize,15.99,1036.33,10.1,9.3,56.5,6.507,88.67,1,1,1.701
wheat,33.31,279.48,17.3,42.7,195.5,8.361,15.67,1,0,1.237
cotton,34.19,718.02,10.5,105.7,63.4,3.818,91.64,1,0,0.918
soybeans,39.78,1440.83,0.8,11.7,34.5,5.768,85.37,1,0,0.949
maize,32.45,1219.66,120.1,144.7,53.3,3.762,49.36,0,0,2.016
soybeans,14.75,293.04,92.7,82.1,29.4,4.233,20.22,1,1,1.043
maize,24.79,528.73,15.0,138.5,17.0,5.435,39.63,0,0,1.797
cotton,13.74,1412.98,76.3,91.1,191.7,9.555,63.2,0,1,1.156
cassava,27.55,67.67,46.5,13.7,109.4,8.813,31.75,1,0,9.601
soybeans,18.38,384.9,122.4,28.9,90.2,4.717,80.5,1,0,0.784
soybeans,36.18,1205.63,72.1,23.3,48.0,7.765,47.11,1,1,1.182
soybeans,28.63,391.22,78.1,139.0,180.8,6.129,39.07,0,1,1.373
rice,25.09,897.13,128.8,11.9,119.7,9.049,34.81,1,0,1.376
